variant	position	nucleotide	s1_mgatk	s1_scmocha	gate_mgatk	gate_scmocha	arm_mgatk	arm_scmocha_call	arm_scmocha_af5	excl_mgatk	excl_call	excl_af5	blacklisted	n_cells_gate	af_gate_median	af_gate_max	n_cells_loose	af_loose_median	n_cells_carrier	af_carrier_median	af_carrier_min	af_carrier_max	vmr_mgatk	strand_mgatk
1010A>T	1010	A>T	TRUE	TRUE	FALSE	FALSE	FALSE	TRUE	FALSE	strand r only	Retained	< 10 cells at AF >= 0.05	FALSE	7	0.0606060606060606	0.159420289855072	46	0.0080023747140499	12	0.00947983742206707	0.00553505535055351	0.159420289855072	0.0237966821430645	0.05
1011C>T	1011	C>T	TRUE	TRUE	FALSE	TRUE	FALSE	TRUE	TRUE	strand r only	Retained	Retained	FALSE	10	0.108282828282828	0.352941176470588	44	0.0138976488314237	17	0.0240963855421687	0.00318237454100367	0.352941176470588	0.137413709769276	0.104
1017A>G	1017	A>G	TRUE	FALSE	FALSE	TRUE	FALSE	FALSE	FALSE	strand r only	< 3 confident cells	< 3 confident cells	FALSE	11	0.116022099447514	0.818181818181818	59	0.00518582541054451	14	0.0491552695092518	0.0022120398167167	0.818181818181818	0.551689110412429	-0.069
1019A>G	1019	A>G	TRUE	FALSE	FALSE	TRUE	FALSE	FALSE	FALSE	strand r only	< 3 confident cells	< 3 confident cells	FALSE	11	0.142857142857143	0.818181818181818	70	0.00615390441566311	19	0.0379746835443038	0.00253927947944771	0.818181818181818	0.487253924304407	-0.094
1024G>A	1024	G>A	TRUE	TRUE	FALSE	FALSE	FALSE	TRUE	FALSE	strand r only	Retained	< 10 cells at AF >= 0.05	FALSE	7	0.0766233766233766	0.127118644067797	29	0.0153846153846154	11	0.052863436123348	0.00275184275184275	0.127118644067797	0.118494173664664	0.106
1031G>A	1031	G>A	TRUE	TRUE	FALSE	FALSE	FALSE	TRUE	FALSE	strand r only	Retained	< 10 cells at AF >= 0.05	FALSE	5	0.0555555555555556	0.133333333333333	60	0.00256207812821541	3	0.0098314606741573	0.0063953488372093	0.0156985871271586	0.612220968532756	0.519
1031G>T	1031	G>T	TRUE	FALSE	FALSE	FALSE	FALSE	FALSE	FALSE	strand r only	< 3 confident cells	< 3 confident cells	FALSE	8	0.0606617647058824	0.1	69	0.00126422250316056	0				0.0658145106599103	-0.261
1032C>A	1032	C>A	TRUE	FALSE	FALSE	FALSE	FALSE	FALSE	FALSE	strand r only	< 3 confident cells	< 3 confident cells	FALSE	5	0.0625	0.0970873786407767	70	0.00121470568278702	1	0.0970873786407767	0.0970873786407767	0.0970873786407767	0.0176269098785075	-0.165
1032C>T	1032	C>T	TRUE	TRUE	FALSE	FALSE	FALSE	TRUE	FALSE	strand r only	Retained	< 10 cells at AF >= 0.05	FALSE	8	0.15625	0.36986301369863	42	0.00491047686173667	8	0.0440982776089159	0.00618647812638091	0.36986301369863	0.329626632963993	0.09
1033T>C	1033	T>C	TRUE	TRUE	FALSE	FALSE	FALSE	TRUE	FALSE	strand r only	Retained	< 10 cells at AF >= 0.05	FALSE	5	0.163498098859316	1	22	0.00750788821275637	5	0.163498098859316	0.00633602796591654	1	1.1372432539828	0.351
1037A>G	1037	A>G	TRUE	FALSE	FALSE	FALSE	FALSE	FALSE	FALSE	strand r only	< 3 confident cells	< 3 confident cells	FALSE	1	0.1	0.1	28	0.00271885069817401	2	0.0080843332000106	0.0054005400540054	0.0107681263460158	0.0627916214111245	0.279
1037A>T	1037	A>T	TRUE	FALSE	FALSE	FALSE	FALSE	FALSE	FALSE	strand r only	< 3 confident cells	< 3 confident cells	FALSE	6	0.075	0.1	42	0.00100905066274142	0				0.290027885453524	-0.525
1038C>T	1038	C>T	TRUE	TRUE	TRUE	FALSE	TRUE	TRUE	FALSE	Retained	Retained	< 10 cells at AF >= 0.05	FALSE	8	0.139629995608256	0.611111111111111	40	0.00496582679555835	15	0.0442953020134228	0.00334985930590915	0.611111111111111	0.156465826496068	0.708
1040T>C	1040	T>C	TRUE	TRUE	FALSE	FALSE	FALSE	TRUE	FALSE	strand r only	Retained	< 10 cells at AF >= 0.05	FALSE	9	0.0855263157894737	0.5	51	0.00975609756097561	18	0.036886961722488	0.00252887128045183	0.5	0.33951372918861	0.342
1042T>C	1042	T>C	TRUE	TRUE	TRUE	FALSE	TRUE	TRUE	FALSE	Retained	Retained	< 10 cells at AF >= 0.05	FALSE	3	0.073490813648294	0.0858433734939759	14	0.00129260746934327	3	0.073490813648294	0.0147895335608646	0.0858433734939759	0.0210564012838118	0.842
1043C>A	1043	C>A	TRUE	TRUE	FALSE	TRUE	FALSE	TRUE	TRUE	strand r only	Retained	Retained	FALSE	48	0.0864890135577373	0.84375	213	0.0072463768115942	54	0.057337296620776	0.00363149847094801	0.84375	0.401262634072721	-0.083
1044T>C	1044	T>C	TRUE	TRUE	TRUE	FALSE	TRUE	TRUE	FALSE	Retained	Retained	< 10 cells at AF >= 0.05	FALSE	5	0.0714285714285714	1	58	0.00184094505799866	4	0.0278028738599208	0.00492133924969746	1	0.291437025808769	0.672
1045G>T	1045	G>T	TRUE	FALSE	FALSE	FALSE	FALSE	FALSE	FALSE	strand r only	< 3 confident cells	< 3 confident cells	FALSE	7	0.0666666666666667	0.0833333333333333	54	0.0011208119994584	0				0.0915065792850389	-0.356
1048C>A	1048	C>A	TRUE	FALSE	FALSE	FALSE	FALSE	FALSE	FALSE	strand r only	< 3 confident cells	< 3 confident cells	FALSE	6	0.0775193798449612	0.914285714285714	59	0.00111482720178372	2	0.492995570321152	0.0717054263565892	0.914285714285714	0.398348596148448	0.644
10522G>A	10522	G>A	TRUE	TRUE	TRUE	FALSE	TRUE	TRUE	FALSE	Retained	Retained	< 10 cells at AF >= 0.05	FALSE	9	0.13265306122449	0.826923076923077	12	0.0780474351902923	7	0.243243243243243	0.0526315789473684	0.826923076923077	0.38910116598091	0.991
10530G>A	10530	G>A	TRUE	FALSE	FALSE	FALSE	FALSE	FALSE	FALSE	strand r only	< 3 confident cells	< 3 confident cells	FALSE	6	0.104355716878403	0.4	13	0.0465116279069768	4	0.119298245614035	0.0533333333333333	0.4	0.177908966050225	0.596
10537G>A	10537	G>A	TRUE	FALSE	TRUE	TRUE	TRUE	FALSE	FALSE	Retained	< 3 confident cells	< 3 confident cells	FALSE	28	0.0714285714285714	0.605633802816901	73	0.0350877192982456	3	0.0943396226415094	0.0701754385964912	0.605633802816901	0.0817655932269095	0.962
1053A>G	1053	A>G	TRUE	FALSE	FALSE	FALSE	FALSE	FALSE	FALSE	strand r only	< 3 confident cells	< 3 confident cells	FALSE	3	0.0789473684210526	0.0833333333333333	52	0.00185530193834305	2	0.0525590836595621	0.0261707988980716	0.0789473684210526	0.021051525218304	0.176
10571A>G	10571	A>G	TRUE	FALSE	TRUE	FALSE	TRUE	FALSE	FALSE	Retained	< 3 confident cells	< 3 confident cells	FALSE	9	0.0574712643678161	0.128440366972477	28	0.0361093038386467	3	0.0606060606060606	0.0574712643678161	0.128440366972477	0.0398512732794124	0.747
10573G>A	10573	G>A	TRUE	TRUE	TRUE	TRUE	TRUE	TRUE	TRUE	Retained	Retained	Retained	FALSE	10	0.106586632057106	0.292682926829268	17	0.075	10	0.106586632057106	0.0309859154929577	0.292682926829268	0.113593695421002	0.958
1057G>A	1057	G>A	TRUE	FALSE	FALSE	FALSE	FALSE	FALSE	FALSE	strand r only	< 3 confident cells	< 3 confident cells	FALSE	3	0.135416666666667	0.144781144781145	12	0.00595257743301975	4	0.0983831799591002	0.00642570281124498	0.144781144781145	0.0665083443003158	-0.062
1057G>T	1057	G>T	TRUE	FALSE	FALSE	TRUE	FALSE	FALSE	FALSE	strand r only	< 3 confident cells	< 3 confident cells	FALSE	10	0.0769230769230769	0.1	128	0.00233291856203551	4	0.00389200053452619	0.003017729158808	0.0240641711229947	0.26373441561408	-0.114
1058C>A	1058	C>A	TRUE	FALSE	FALSE	FALSE	FALSE	FALSE	FALSE	strand r only	< 3 confident cells	< 3 confident cells	FALSE	7	0.0833333333333333	0.1	56	0.000937380233093168	0				0.511554404150293	-0.177
1059T>C	1059	T>C	TRUE	FALSE	TRUE	FALSE	TRUE	FALSE	FALSE	Retained	< 3 confident cells	< 3 confident cells	FALSE	5	0.0526315789473684	0.217391304347826	29	0.00337268128161889	2	0.115324707180965	0.0132581100141044	0.217391304347826	0.0740490477145658	0.773
1062G>T	1062	G>T	TRUE	FALSE	FALSE	TRUE	FALSE	FALSE	FALSE	strand r only	< 3 confident cells	< 3 confident cells	FALSE	12	0.0663976522377109	0.0909090909090909	244	0.00336700336700337	19	0.00420875420875421	0.00155508266492061	0.0729166666666667	0.084224373415788	0.046
1064C>T	1064	C>T	TRUE	FALSE	TRUE	FALSE	TRUE	FALSE	FALSE	Retained	< 3 confident cells	< 3 confident cells	FALSE	1	0.0555555555555556	0.0555555555555556	10	0.00425068754535112	2	0.0313600142836627	0.0191956124314442	0.0435244161358811	0.0114824895722791	0.867
1065C>A	1065	C>A	TRUE	FALSE	FALSE	FALSE	FALSE	FALSE	FALSE	strand r only	< 3 confident cells	< 3 confident cells	FALSE	8	0.0697115384615385	0.545454545454545	134	0.00176545749189728	1	0.545454545454545	0.545454545454545	0.545454545454545	0.0813404708957784	-0.081
1066C>A	1066	C>A	TRUE	FALSE	FALSE	FALSE	FALSE	FALSE	FALSE	strand r only	< 3 confident cells	< 3 confident cells	FALSE	4	0.0678733031674208	0.0833333333333333	41	0.00118273211117682	0				0.16173807161004	-0.355
1069A>G	1069	A>G	TRUE	FALSE	TRUE	FALSE	TRUE	FALSE	FALSE	Retained	< 3 confident cells	< 3 confident cells	FALSE	4	0.105555555555556	0.371428571428571	30	0.00489624988192323	4	0.06265664160401	0.00607344632768362	0.371428571428571	0.17473456108877	0.893
1071T>C	1071	T>C	TRUE	TRUE	FALSE	FALSE	FALSE	TRUE	FALSE	strand r only	Retained	< 10 cells at AF >= 0.05	FALSE	3	0.0769230769230769	0.20979020979021	31	0.00211267605633803	3	0.0327485380116959	0.00307841866493843	0.20979020979021	0.0646005664519311	0.316
1073G>T	1073	G>T	TRUE	FALSE	FALSE	TRUE	FALSE	FALSE	FALSE	strand r only	< 3 confident cells	< 3 confident cells	FALSE	15	0.0625	0.1	142	0.0019120161950421	2	0.0381791483113069	0.00969162995594714	0.0666666666666667	0.122369540089254	0.105
1075A>G	1075	A>G	TRUE	FALSE	FALSE	FALSE	FALSE	FALSE	FALSE	strand r only	< 3 confident cells	< 3 confident cells	FALSE	1	0.0625	0.0625	50	0.0019252628587667	2	0.0117954200139412	0.00302724520686176	0.0205635948210206	0.147208368512063	-0.092
1078A>G	1078	A>G	TRUE	TRUE	FALSE	FALSE	FALSE	TRUE	FALSE	strand r only	Retained	< 10 cells at AF >= 0.05	FALSE	9	0.0833333333333333	0.277777777777778	95	0.00279381635313839	6	0.109016754850088	0.00279381635313839	0.277777777777778	0.0711760273541282	0.245
1079G>T	1079	G>T	TRUE	FALSE	FALSE	FALSE	FALSE	FALSE	FALSE	strand r only	< 3 confident cells	< 3 confident cells	FALSE	5	0.0833333333333333	0.0909090909090909	80	0.00125892087816995	4	0.0234905335628227	0.0023376189681082	0.0421836228287841	0.0430752595057449	0.082
1080A>G	1080	A>G	TRUE	FALSE	TRUE	FALSE	TRUE	FALSE	FALSE	Retained	< 3 confident cells	< 3 confident cells	FALSE	7	0.0555555555555556	0.153846153846154	53	0.00523560209424084	8	0.0259418343695964	0.00477147162230035	0.106060606060606	0.199353122279818	0.7
1080A>T	1080	A>T	TRUE	TRUE	FALSE	TRUE	FALSE	TRUE	TRUE	strand r only	Retained	Retained	FALSE	14	0.0754985754985755	0.928571428571429	46	0.0163359788359788	23	0.0306122448979592	0.00560952250649884	0.928571428571429	1.20480802779705	0.392
1081T>C	1081	T>C	TRUE	FALSE	TRUE	FALSE	TRUE	FALSE	FALSE	Retained	< 3 confident cells	< 3 confident cells	FALSE	5	0.147058823529412	1	26	0.00787596899224806	6	0.123529411764706	0.0223880597014925	1	0.861997513069082	0.867
1082A>G	1082	A>G	TRUE	FALSE	FALSE	FALSE	FALSE	FALSE	FALSE	strand r only	< 3 confident cells	< 3 confident cells	FALSE	3	0.082036775106082	0.625	32	0.0024263699579507	5	0.0391908975979773	0.0225352112676056	0.625	0.221831517147683	0.568
1083C>A	1083	C>A	TRUE	FALSE	FALSE	FALSE	FALSE	FALSE	FALSE	strand r only	< 3 confident cells	< 3 confident cells	FALSE	5	0.0555555555555556	0.532258064516129	117	0.00190748688602766	3	0.4	0.00379162545334652	0.532258064516129	0.112908091906267	0.177
1083C>T	1083	C>T	TRUE	FALSE	FALSE	FALSE	FALSE	FALSE	FALSE	strand r only	< 3 confident cells	< 3 confident cells	FALSE	3	0.0666666666666667	0.117647058823529	30	0.00222783428394654	1	0.049645390070922	0.049645390070922	0.049645390070922	0.0397955317498547	-0.147
1084C>A	1084	C>A	TRUE	TRUE	FALSE	FALSE	FALSE	TRUE	FALSE	strand r only	Retained	< 10 cells at AF >= 0.05	FALSE	6	0.0666666666666667	0.0833333333333333	138	0.00165563367734331	1	0.00241815476190476	0.00241815476190476	0.00241815476190476	0.0183096076336888	0.191
1085C>A	1085	C>A	TRUE	FALSE	FALSE	FALSE	FALSE	FALSE	FALSE	strand r only	< 3 confident cells	< 3 confident cells	FALSE	7	0.0833333333333333	1	72	0.00132656732721076	1	1	1	1	0.386891338392283	0.057
1087A>C	1087	A>C	TRUE	TRUE	FALSE	TRUE	FALSE	TRUE	TRUE	strand r only	Retained	Retained	FALSE	28	0.136544850498339	0.863636363636364	83	0.0108695652173913	25	0.151785714285714	0.016281512605042	0.863636363636364	0.808318021605074	0.208
1088C>A	1088	C>A	TRUE	TRUE	FALSE	TRUE	FALSE	TRUE	TRUE	strand r only	Retained	Retained	FALSE	38	0.148554572271386	1	68	0.0381993827988729	31	0.204545454545455	0.0310077519379845	1	1.360847318698	0.174
1089T>G	1089	T>G	TRUE	FALSE	FALSE	FALSE	FALSE	FALSE	FALSE	strand r only	< 3 confident cells	< 3 confident cells	FALSE	7	0.0833333333333333	0.1	59	0.000953743443013829	0				0.223756897455509	-0.356
1090A>C	1090	A>C	TRUE	FALSE	FALSE	FALSE	FALSE	FALSE	FALSE	strand r only	< 3 confident cells	< 3 confident cells	FALSE	7	0.0588235294117647	0.0909090909090909	95	0.00149298297999403	0				0.121092981128333	-0.042
1092G>A	1092	G>A	TRUE	FALSE	FALSE	FALSE	FALSE	FALSE	FALSE	strand r only	< 3 confident cells	< 3 confident cells	FALSE	7	0.0769230769230769	0.2	63	0.00212089077412513	2	0.0179461853880459	0.00643500643500644	0.0294573643410853	0.636815316754304	0.007
1092G>T	1092	G>T	TRUE	TRUE	FALSE	FALSE	FALSE	TRUE	FALSE	strand r only	Retained	< 10 cells at AF >= 0.05	FALSE	8	0.0909090909090909	0.0909090909090909	84	0.00123241402023149	0				0.0950977119174198	0.063
1093C>T	1093	C>T	TRUE	TRUE	TRUE	FALSE	TRUE	TRUE	FALSE	Retained	Retained	< 10 cells at AF >= 0.05	FALSE	8	0.0787878787878788	0.131147540983607	85	0.00319829424307036	10	0.0204234165334075	0.00418079096045198	0.131147540983607	0.0789204160922421	0.755
1095T>C	1095	T>C	TRUE	FALSE	FALSE	FALSE	FALSE	FALSE	FALSE	strand r only	< 3 confident cells	< 3 confident cells	FALSE	2	0.0627413127413127	0.0714285714285714	32	0.00179207009984219	0				0.0399637402049108	-0.003
1096A>G	1096	A>G	TRUE	FALSE	TRUE	FALSE	TRUE	FALSE	FALSE	Retained	< 3 confident cells	< 3 confident cells	FALSE	5	0.125	0.315789473684211	45	0.00341296928327645	2	0.17935645377946	0.04292343387471	0.315789473684211	0.321678250051568	0.781
1097G>A	1097	G>A	TRUE	FALSE	FALSE	FALSE	FALSE	FALSE	FALSE	strand r only	< 3 confident cells	< 3 confident cells	FALSE	5	0.230769230769231	1	26	0.00312875936202414	4	0.365384615384615	0.0255102040816327	1	1.55966655171411	0.135
1097G>T	1097	G>T	TRUE	FALSE	FALSE	FALSE	FALSE	FALSE	FALSE	strand r only	< 3 confident cells	< 3 confident cells	FALSE	6	0.0555555555555556	0.3	85	0.00121852152721365	3	0.00230741924032659	0.00222504767959313	0.3	0.0519558178496501	-0.021
1098C>A	1098	C>A	TRUE	FALSE	FALSE	FALSE	FALSE	FALSE	FALSE	strand r only	< 3 confident cells	< 3 confident cells	FALSE	9	0.0625	0.111111111111111	119	0.0016750418760469	0				0.0829070811476598	0.067
1098C>T	1098	C>T	TRUE	FALSE	FALSE	FALSE	FALSE	FALSE	FALSE	strand r only	< 3 confident cells	< 3 confident cells	FALSE	5	0.0714285714285714	0.114754098360656	59	0.00185013876040703	3	0.0259067357512953	0.00348646431501231	0.114754098360656	0.0454829122992523	0.392
1099C>A	1099	C>A	TRUE	FALSE	FALSE	FALSE	FALSE	FALSE	FALSE	strand r only	< 3 confident cells	< 3 confident cells	FALSE	6	0.0769230769230769	0.1	87	0.00125219133483596	0				0.045569935138216	-0.007
1100C>A	1100	C>A	TRUE	TRUE	FALSE	TRUE	FALSE	TRUE	TRUE	strand r only	Retained	Retained	FALSE	10	0.0627450980392157	0.166666666666667	131	0.00185356811862836	1	0.0205580029368576	0.0205580029368576	0.0205580029368576	0.106185223643804	0.245
1101T>A	1101	T>A	TRUE	TRUE	FALSE	TRUE	FALSE	TRUE	TRUE	strand r only	Retained	Retained	FALSE	15	0.166666666666667	1	122	0.00342001262773893	18	0.0723712835387962	0.00316678395496129	1	0.334934709270164	0.557
1101T>C	1101	T>C	TRUE	FALSE	TRUE	FALSE	TRUE	FALSE	FALSE	Retained	< 3 confident cells	< 3 confident cells	FALSE	8	0.0784615384615385	0.595238095238095	77	0.00185013876040703	2	0.302852692478861	0.0104672897196262	0.595238095238095	0.17108154819562	0.921
1105C>A	1105	C>A	TRUE	FALSE	FALSE	FALSE	FALSE	FALSE	FALSE	strand r only	< 3 confident cells	< 3 confident cells	FALSE	5	0.0833333333333333	0.153846153846154	102	0.0016127522119751	2	0.0120471014492754	0.00326086956521739	0.0208333333333333	0.0450429327184043	-0.037
1106C>A	1106	C>A	TRUE	FALSE	FALSE	FALSE	FALSE	FALSE	FALSE	strand r only	< 3 confident cells	< 3 confident cells	FALSE	8	0.0741758241758242	0.0909090909090909	117	0.00141242937853107	2	0.0205390384001702	0.00893521965748325	0.0321428571428571	0.051023384385866	0.093
1106C>T	1106	C>T	TRUE	TRUE	TRUE	TRUE	TRUE	TRUE	TRUE	Retained	Retained	Retained	FALSE	12	0.180178173719376	0.666666666666667	47	0.0114251352976548	21	0.0476190476190476	0.003511011809767	0.666666666666667	0.287976291698359	0.736
1107T>A	1107	T>A	TRUE	FALSE	FALSE	FALSE	FALSE	FALSE	FALSE	strand r only	< 3 confident cells	< 3 confident cells	FALSE	8	0.0773809523809524	0.0909090909090909	148	0.0028427674987684	7	0.00663658083355455	0.00412912912912913	0.0472972972972973	0.0562153827380649	0.086
1107T>C	1107	T>C	TRUE	TRUE	FALSE	TRUE	FALSE	TRUE	TRUE	strand r only	Retained	Retained	FALSE	11	0.111111111111111	0.634920634920635	116	0.00387602722233072	11	0.0846153846153846	0.00159120497613193	0.634920634920635	0.220293477211473	0.284
11084A>G	11084	A>G	TRUE	TRUE	FALSE	TRUE	FALSE	TRUE	TRUE	strand r only	Retained	Retained	FALSE	105	1	1	102	1	101	1	0.307692307692308	1	0.643354937392	0.167
1109A>G	1109	A>G	TRUE	FALSE	FALSE	FALSE	FALSE	FALSE	FALSE	strand r only	< 3 confident cells	< 3 confident cells	FALSE	5	0.111111111111111	0.166666666666667	62	0.00326159942027829	0				0.374280450620557	0.084
1110A>G	1110	A>G	TRUE	TRUE	TRUE	TRUE	TRUE	TRUE	TRUE	Retained	Retained	Retained	FALSE	12	0.138095238095238	1	70	0.0095913356738028	17	0.0257731958762887	0.00345149924498454	1	0.740386382657272	0.682
1110A>T	1110	A>T	TRUE	FALSE	TRUE	FALSE	TRUE	FALSE	FALSE	Retained	< 3 confident cells	< 3 confident cells	FALSE	8	0.0628289473684211	0.105263157894737	29	0.00520833333333333	7	0.0516252390057361	0.00796812749003984	0.0847457627118644	0.039185074646191	0.716
1114T>C	1114	T>C	TRUE	TRUE	TRUE	FALSE	TRUE	TRUE	FALSE	Retained	Retained	< 10 cells at AF >= 0.05	FALSE	6	0.555555555555556	1	11	0.0035778175313059	4	1	0.00979381443298969	1	0.907245199448804	0.98
1137A>T	1137	A>T	TRUE	FALSE	FALSE	FALSE	FALSE	FALSE	FALSE	strand r only	< 3 confident cells	< 3 confident cells	FALSE	6	0.065869927737632	0.80952380952381	21	0.0147575544624034	11	0.0471544715447155	0.00700770847932726	0.80952380952381	0.570255478696402	-0.045
1146C>T	1146	C>T	TRUE	FALSE	FALSE	FALSE	FALSE	FALSE	FALSE	strand r only	< 3 confident cells	< 3 confident cells	FALSE	7	0.0740740740740741	0.304347826086957	81	0.00258064516129032	4	0.0771830224384969	0.00546991546494282	0.304347826086957	0.309984012118355	-0.162
11502T>C	11502	T>C	TRUE	TRUE	FALSE	TRUE	FALSE	TRUE	TRUE	strand r only	Retained	Retained	FALSE	47	0.571428571428571	1	44	0.595774647887324	39	0.666666666666667	0.129032258064516	1	0.28519666651681	0.592
11536C>T	11536	C>T	TRUE	TRUE	FALSE	TRUE	FALSE	TRUE	TRUE	strand r only	Retained	Retained	FALSE	505	1	1	504	1	496	1	0.0793650793650794	1	0.405871890586614	0.272
11664T>C	11664	T>C	TRUE	TRUE	TRUE	TRUE	TRUE	TRUE	TRUE	Retained	Retained	Retained	FALSE	27	0.75	1	26	0.763888888888889	23	0.8	0.17910447761194	1	0.270125909259921	0.72
11703T>C	11703	T>C	TRUE	TRUE	FALSE	TRUE	FALSE	TRUE	TRUE	strand r only	Retained	Retained	FALSE	42	0.887907608695652	1	36	0.930952380952381	36	0.930952380952381	0.333333333333333	1	0.332749031182668	0.459
11719G>A	11719	G>A	TRUE	TRUE	FALSE	TRUE	FALSE	TRUE	TRUE	VMR and strand r	Retained	Retained	FALSE	437	1	1	437	1	437	1	0.461538461538462	1	0.00109754745109761	0.261
11729T>C	11729	T>C	TRUE	TRUE	FALSE	TRUE	FALSE	TRUE	TRUE	strand r only	Retained	Retained	FALSE	18	0.741666666666667	1	17	0.75	16	0.75	0.263157894736842	1	0.212715521427351	0.482
1177C>T	1177	C>T	TRUE	FALSE	FALSE	TRUE	FALSE	FALSE	FALSE	strand r only	< 3 confident cells	< 3 confident cells	FALSE	25	0.0740740740740741	0.117647058823529	146	0.00407620735489588	14	0.029156064461408	0.00402684563758389	0.102564102564103	0.068864216905638	-0.1
11973T>C	11973	T>C	TRUE	TRUE	TRUE	TRUE	TRUE	TRUE	TRUE	Retained	Retained	Retained	FALSE	17	1	1	16	1	15	1	0.6875	1	0.169285715718685	0.665
12066T>C	12066	T>C	TRUE	TRUE	TRUE	TRUE	TRUE	TRUE	TRUE	Retained	Retained	Retained	FALSE	24	1	1	24	1	24	1	0.105263157894737	1	0.503085323944391	0.767
1222A>C	1222	A>C	TRUE	TRUE	FALSE	TRUE	FALSE	TRUE	TRUE	strand r only	Retained	Retained	FALSE	15	0.1	0.925925925925926	35	0.00956937799043062	13	0.0574712643678161	0.00447486180573835	0.925925925925926	0.290301579058481	0.073
12405C>T	12405	C>T	TRUE	TRUE	TRUE	FALSE	TRUE	TRUE	FALSE	Retained	Retained	< 10 cells at AF >= 0.05	FALSE	5	1	1	8	0.125937031484258	4	1	0.217391304347826	1	0.350881580695901	0.997
12417C>A	12417	C>A	TRUE	FALSE	TRUE	TRUE	TRUE	FALSE	FALSE	Retained	< 3 confident cells	< 3 confident cells	FALSE	31	0.0833333333333333	0.926829268292683	14	0.162280701754386	5	0.222222222222222	0.19047619047619	0.926829268292683	0.436580043171673	0.762
1255T>C	1255	T>C	TRUE	TRUE	FALSE	TRUE	FALSE	TRUE	TRUE	strand r only	Retained	Retained	FALSE	517	0.189873417721519	1	561	0.173913043478261	430	0.244243851386709	0.00547445255474453	1	0.562147684824795	0.263
12705C>T	12705	C>T	TRUE	TRUE	FALSE	TRUE	FALSE	TRUE	TRUE	VMR and strand r	Retained	Retained	FALSE	377	1	1	377	1	377	1	0.916666666666667	1	0.000367054364116616	0.212
1290C>T	1290	C>T	TRUE	FALSE	TRUE	TRUE	TRUE	FALSE	FALSE	Retained	< 3 confident cells	< 3 confident cells	FALSE	10	0.1	0.916666666666667	16	0.0470899470899471	10	0.0865598754997451	0.00803673938002296	0.916666666666667	0.289255984096375	0.81
13017A>G	13017	A>G	TRUE	TRUE	FALSE	TRUE	FALSE	TRUE	TRUE	strand r only	Retained	Retained	FALSE	13	0.25	1	16	0.134054054054054	10	0.318240454076367	0.0993377483443709	1	0.356910583918147	0.514
13070C>T	13070	C>T	TRUE	FALSE	FALSE	FALSE	FALSE	FALSE	FALSE	strand r only	< 3 confident cells	< 3 confident cells	FALSE	7	0.0909090909090909	0.382352941176471	10	0.0255035737491878	3	0.0925925925925926	0.0236686390532544	0.382352941176471	0.130749218565729	0.467
13115T>C	13115	T>C	TRUE	FALSE	FALSE	FALSE	FALSE	FALSE	FALSE	strand r only	< 3 confident cells	< 3 confident cells	FALSE	4	0.325128865979381	0.7	10	0.0127046866177301	3	0.475	0.175257731958763	0.7	0.273844829464588	0.31
1314C>T	1314	C>T	TRUE	TRUE	FALSE	TRUE	FALSE	TRUE	TRUE	strand r only	Retained	Retained	FALSE	728	0.201673585884795	1	770	0.19316877152698	620	0.237859500235738	0.00813953488372093	1	0.582642626646326	0.608
1315G>A	1315	G>A	TRUE	TRUE	FALSE	TRUE	FALSE	TRUE	TRUE	strand r only	Retained	Retained	FALSE	734	0.2	1	778	0.192928039702233	623	0.24	0.00808314087759815	1	0.578788137267631	0.6
13271T>C	13271	T>C	TRUE	TRUE	FALSE	TRUE	FALSE	TRUE	TRUE	strand r only	Retained	Retained	FALSE	47	0.508196721311475	1	44	0.514837222702391	40	0.566844919786096	0.0975609756097561	1	0.438073047390712	0.336
13507T>C	13507	T>C	TRUE	TRUE	TRUE	TRUE	TRUE	TRUE	TRUE	Retained	Retained	Retained	FALSE	10	0.172360248447205	1	7	0.55	5	0.636363636363636	0.214285714285714	1	0.553448040599318	0.664
13517A>C	13517	A>C	TRUE	TRUE	FALSE	TRUE	FALSE	TRUE	TRUE	strand r only	Retained	Retained	FALSE	44	0.462566844919786	1	43	0.470588235294118	35	0.571428571428571	0.0540540540540541	1	0.428379381860177	0.425
13597G>A	13597	G>A	TRUE	FALSE	TRUE	FALSE	TRUE	FALSE	FALSE	Retained	< 3 confident cells	< 3 confident cells	FALSE	8	0.11994301994302	1	15	0.0487804878048781	4	0.481481481481482	0.0508474576271187	1	0.548163638918563	0.791
13710A>G	13710	A>G	TRUE	TRUE	FALSE	FALSE	FALSE	TRUE	FALSE	strand r only	Retained	Blacklisted position	TRUE	81	1	1	80	1	73	1	0.125748502994012	1	0.834388049363738	0.006
13710A>T	13710	A>T	TRUE	TRUE	FALSE	FALSE	FALSE	TRUE	FALSE	strand r only	Retained	Blacklisted position	TRUE	75	0.888888888888889	1	71	0.966666666666667	61	1	0.121951219512195	1	0.914149863753651	0.181
1380G>T	1380	G>T	TRUE	TRUE	TRUE	TRUE	TRUE	TRUE	TRUE	Retained	Retained	Retained	FALSE	1183	0.485294117647059	1	1170	0.5	1060	0.551825993555317	0.0114678899082569	1	0.388908758191704	0.733
1382A>T	1382	A>T	TRUE	TRUE	TRUE	TRUE	TRUE	TRUE	TRUE	Retained	Retained	Retained	FALSE	1170	0.4816166531495	1	1163	0.483870967741936	1056	0.543205267445018	0.0114810562571757	1	0.391430964879432	0.728
1397T>A	1397	T>A	TRUE	TRUE	FALSE	TRUE	FALSE	TRUE	TRUE	strand r only	Retained	Retained	FALSE	313	0.434782608695652	1	313	0.434782608695652	273	0.558139534883721	0.0174129353233831	1	0.596079655478293	0.616
14067C>T	14067	C>T	TRUE	TRUE	FALSE	TRUE	FALSE	TRUE	TRUE	strand r only	Retained	Retained	FALSE	403	1	1	403	1	403	1	0.0989010989010989	1	0.548499057210911	0.203
1438A>G	1438	A>G	TRUE	TRUE	FALSE	TRUE	FALSE	TRUE	TRUE	VMR only	Retained	Retained	FALSE	1268	1	1	1268	1	1267	1	0.616279069767442	1	0.000311638772458927	0.918
14472C>A	14472	C>A	TRUE	FALSE	TRUE	TRUE	TRUE	FALSE	FALSE	Retained	< 3 confident cells	< 3 confident cells	FALSE	23	0.0833333333333333	0.640625	13	0.24	10	0.253703703703704	0.037593984962406	0.640625	0.307515403636302	0.695
14649T>C	14649	T>C	TRUE	TRUE	TRUE	TRUE	TRUE	TRUE	TRUE	Retained	Retained	Retained	FALSE	23	0.941176470588235	1	23	0.941176470588235	22	0.952731092436975	0.106382978723404	1	1.3895482423923	0.836
14743A>C	14743	A>C	TRUE	TRUE	TRUE	FALSE	TRUE	TRUE	FALSE	Retained	Retained	< 10 cells at AF >= 0.05	FALSE	9	1	1	9	1	9	1	0.88	1	0.371056970018357	0.682
14766C>T	14766	C>T	TRUE	TRUE	FALSE	TRUE	FALSE	TRUE	TRUE	VMR only	Retained	Retained	FALSE	6695	1	1	6695	1	6695	1	0.736842105263158	1	0.000196903531380027	0.792
14783T>C	14783	T>C	TRUE	TRUE	TRUE	FALSE	TRUE	TRUE	FALSE	Retained	Retained	< 10 cells at AF >= 0.05	FALSE	6	0.535618279569893	1	8	0.121323529411765	4	0.969850305713683	0.0234113712374582	1	0.533795909398092	0.984
14798T>C	14798	T>C	TRUE	TRUE	TRUE	TRUE	TRUE	TRUE	TRUE	Retained	Retained	Retained	FALSE	11	0.0909090909090909	1	19	0.0444444444444444	7	0.194444444444444	0.0393700787401575	1	0.623376835110702	0.903
14804G>A	14804	G>A	TRUE	TRUE	TRUE	FALSE	TRUE	TRUE	FALSE	Retained	Retained	< 10 cells at AF >= 0.05	FALSE	8	0.0811688311688312	1	23	0.0285714285714286	6	0.1274217585693	0.0498220640569395	1	0.421802857311343	0.85
14806C>T	14806	C>T	TRUE	TRUE	TRUE	FALSE	TRUE	TRUE	FALSE	Retained	Retained	< 10 cells at AF >= 0.05	FALSE	4	0.409841517728035	0.905172413793103	12	0.0341905318527177	4	0.409841517728035	0.0561797752808989	0.905172413793103	0.179567436967124	0.988
14819T>C	14819	T>C	TRUE	FALSE	FALSE	TRUE	FALSE	FALSE	FALSE	strand r only	< 3 confident cells	< 3 confident cells	FALSE	11	0.09375	0.403846153846154	35	0.0307692307692308	5	0.15	0.107692307692308	0.403846153846154	0.530887589938506	0.632
14837T>C	14837	T>C	TRUE	FALSE	TRUE	FALSE	TRUE	FALSE	FALSE	Retained	< 3 confident cells	< 3 confident cells	FALSE	5	0.0625	0.111111111111111	41	0.0238095238095238	2	0.0383657495256167	0.0142314990512334	0.0625	0.0277876850217375	0.728
14838G>A	14838	G>A	TRUE	TRUE	TRUE	TRUE	TRUE	TRUE	TRUE	Retained	Retained	Retained	FALSE	39	0.105263157894737	0.407407407407407	77	0.0533333333333333	44	0.0869019739043158	0.0240384615384615	0.407407407407407	0.145742669001892	0.818
14840A>G	14840	A>G	TRUE	FALSE	TRUE	FALSE	TRUE	FALSE	FALSE	Retained	< 3 confident cells	< 3 confident cells	FALSE	4	0.0920833333333333	0.166666666666667	39	0.024	2	0.0823863636363637	0.0606060606060606	0.104166666666667	0.0372323639102479	0.774
14845C>T	14845	C>T	TRUE	FALSE	FALSE	TRUE	FALSE	FALSE	FALSE	strand r only	< 3 confident cells	< 3 confident cells	FALSE	10	0.0666666666666667	0.0833333333333333	46	0.0204166666666667	4	0.0552131701139722	0.0458715596330275	0.0693069306930693	0.0284634637110999	0.527
14846G>A	14846	G>A	FALSE	TRUE	TRUE	FALSE	FALSE	TRUE	FALSE	< 3 confident cells	Retained	< 10 cells at AF >= 0.05	FALSE	4	0.322275641025641	0.42	15	0.0232558139534884	3	0.415384615384615	0.229166666666667	0.42	0.227717829466457	0.87
14847G>A	14847	G>A	TRUE	FALSE	TRUE	TRUE	TRUE	FALSE	FALSE	Retained	< 3 confident cells	< 3 confident cells	FALSE	12	0.082693947144075	0.51980198019802	63	0.0223880597014925	4	0.128032345013477	0.0784313725490196	0.51980198019802	0.0976681898657694	0.981
14849T>C	14849	T>C	TRUE	TRUE	TRUE	FALSE	TRUE	TRUE	FALSE	Retained	Retained	< 10 cells at AF >= 0.05	FALSE	9	0.178082191780822	0.953125	40	0.0256410256410256	6	0.485264227642276	0.157894736842105	0.953125	0.496072269330511	0.982
14851A>G	14851	A>G	TRUE	FALSE	TRUE	FALSE	TRUE	FALSE	FALSE	Retained	< 3 confident cells	< 3 confident cells	FALSE	9	0.105263157894737	0.2	60	0.0235294117647059	4	0.138538205980066	0.111111111111111	0.2	0.063451855889447	0.658
14853T>C	14853	T>C	TRUE	FALSE	TRUE	FALSE	TRUE	FALSE	FALSE	Retained	< 3 confident cells	< 3 confident cells	FALSE	6	0.0848896434634975	0.934010152284264	35	0.0222222222222222	3	0.816901408450704	0.043859649122807	0.934010152284264	0.351791257953767	0.992
14871T>C	14871	T>C	TRUE	TRUE	FALSE	TRUE	FALSE	TRUE	TRUE	strand r only	Retained	Retained	FALSE	3213	1	1	3215	1	3192	1	0.0362694300518135	1	0.572913239625996	0.191
1496T>C	1496	T>C	TRUE	TRUE	FALSE	TRUE	FALSE	TRUE	TRUE	strand r only	Retained	Retained	FALSE	29	0.381443298969072	1	30	0.373820241033832	27	0.4	0.0231444533120511	1	0.742774606747256	0.34
152T>C	152	T>C	TRUE	TRUE	FALSE	TRUE	FALSE	TRUE	TRUE	VMR and strand r	Retained	Retained	FALSE	17	1	1	17	1	17	1	1	1	0.00897172520012925	-0.129
15326A>G	15326	A>G	TRUE	TRUE	FALSE	TRUE	FALSE	TRUE	TRUE	VMR and strand r	Retained	Retained	FALSE	915	1	1	915	1	915	1	0.6	1	0.000251441672865342	0.338
1534C>A	1534	C>A	TRUE	TRUE	FALSE	TRUE	FALSE	TRUE	TRUE	strand r only	Retained	Retained	FALSE	33	0.763157894736842	1	39	0.5	29	0.971428571428571	0.0226039783001808	1	0.686930238459483	0.449
15371C>A	15371	C>A	TRUE	TRUE	FALSE	TRUE	FALSE	TRUE	TRUE	strand r only	Retained	Retained	FALSE	28	0.319659442724458	0.975609756097561	25	0.3359375	21	0.428571428571429	0.107692307692308	0.975609756097561	0.175141749732618	0.576
15506G>T	15506	G>T	TRUE	TRUE	FALSE	TRUE	FALSE	TRUE	TRUE	strand r only	Retained	Retained	FALSE	68	0.256363636363636	1	64	0.281746031746032	49	0.370786516853933	0.0560344827586207	1	0.266477784631169	0.631
15508C>T	15508	C>T	TRUE	TRUE	FALSE	TRUE	FALSE	TRUE	TRUE	strand r only	Retained	Retained	FALSE	71	0.225806451612903	1	64	0.275252525252525	48	0.373678646934461	0.0570175438596491	1	0.263167209381753	0.648
15547C>T	15547	C>T	TRUE	TRUE	FALSE	TRUE	FALSE	TRUE	TRUE	strand r only	Retained	Retained	FALSE	249	0.318181818181818	1	242	0.334605597964377	205	0.408163265306122	0.0649350649350649	1	0.248676373654257	0.593
15596G>A	15596	G>A	TRUE	TRUE	TRUE	TRUE	TRUE	TRUE	TRUE	Retained	Retained	Retained	FALSE	18	0.0910973084886128	1	22	0.0641729581331503	8	1	0.0526315789473684	1	0.898399278476573	0.847
15666T>C	15666	T>C	TRUE	TRUE	TRUE	TRUE	TRUE	TRUE	TRUE	Retained	Retained	Retained	FALSE	1327	0.951219512195122	1	1313	0.952380952380952	1284	0.956038647342995	0.0588235294117647	1	0.27120668714747	0.734
1583A>G	1583	A>G	TRUE	TRUE	TRUE	FALSE	TRUE	TRUE	FALSE	Retained	Retained	< 10 cells at AF >= 0.05	FALSE	4	1	1	4	1	4	1	0.470588235294118	1	0.778559726197546	0.946
1602C>A	1602	C>A	TRUE	TRUE	FALSE	TRUE	FALSE	TRUE	TRUE	strand r only	Retained	Retained	FALSE	74	1	1	74	1	73	1	0.171428571428571	1	0.684956544979401	0.3
16093T>C	16093	T>C	TRUE	TRUE	FALSE	TRUE	FALSE	TRUE	TRUE	strand r only	Retained	Retained	FALSE	52	1	1	52	1	52	1	0.882352941176471	1	0.518912304667787	0.102
16129G>A	16129	G>A	TRUE	TRUE	FALSE	TRUE	FALSE	TRUE	TRUE	strand r only	Retained	Retained	FALSE	48	1	1	48	1	48	1	0.125	1	0.560802833302556	-0.002
16213G>A	16213	G>A	TRUE	TRUE	FALSE	TRUE	FALSE	TRUE	TRUE	strand r only	Retained	Retained	FALSE	20	1	1	21	1	20	1	1	1	0.639758708315747	-0.037
16223C>T	16223	C>T	TRUE	TRUE	FALSE	TRUE	FALSE	TRUE	TRUE	VMR and strand r	Retained	Retained	FALSE	56	1	1	56	1	56	1	0.97979797979798	1	0.00167789251788049	0.157
16290C>T	16290	C>T	TRUE	TRUE	FALSE	TRUE	FALSE	TRUE	TRUE	VMR and strand r	Retained	Retained	FALSE	16	1	1	16	1	16	1	1	1	0	-0.092
16319G>A	16319	G>A	TRUE	TRUE	FALSE	TRUE	FALSE	TRUE	TRUE	VMR and strand r	Retained	Retained	FALSE	18	1	1	18	1	18	1	1	1	0	0.021
16362T>C	16362	T>C	TRUE	FALSE	FALSE	FALSE	FALSE	FALSE	FALSE	strand r only	< 3 confident cells	< 3 confident cells	FALSE	9	1	1	9	1	9	1	1	1	0.547015873588443	0.038
1670A>G	1670	A>G	TRUE	TRUE	TRUE	TRUE	TRUE	TRUE	TRUE	Retained	Retained	Retained	FALSE	3953	0.941176470588235	1	3963	0.941176470588235	3909	0.944444444444444	0.0352941176470588	1	0.105744325964141	0.898
1673T>C	1673	T>C	TRUE	TRUE	TRUE	FALSE	TRUE	TRUE	FALSE	Retained	Retained	< 10 cells at AF >= 0.05	FALSE	3	0.0762942779291553	0.0970873786407767	685	0.000531632110579479	26	0.00807993217563416	0.00133552496404356	0.0970873786407767	0.0116247492228293	0.686
1674A>G	1674	A>G	TRUE	TRUE	FALSE	FALSE	FALSE	TRUE	FALSE	VMR and strand r	Retained	< 10 cells at AF >= 0.05	FALSE	0			573	0.00046072333563695	8	0.0047155099391816	0.00144059443475624	0.0437452033768227	0.00331305803346842	0.483
1675A>G	1675	A>G	TRUE	TRUE	FALSE	FALSE	FALSE	TRUE	FALSE	VMR and strand r	Retained	< 10 cells at AF >= 0.05	FALSE	0			262	0.000354200637680312	9	0.00510979146526723	0.00154093997338376	0.041501976284585	0.00521417210082039	0.526
1676A>G	1676	A>G	TRUE	FALSE	FALSE	FALSE	FALSE	FALSE	FALSE	VMR and strand r	< 3 confident cells	< 3 confident cells	FALSE	0			377	0.00037516413430876	2	0.00607056796372042	0.00601307189542484	0.00612806403201601	0.00165294603647289	0.278
1677C>A	1677	C>A	TRUE	FALSE	FALSE	FALSE	FALSE	FALSE	FALSE	VMR and strand r	< 3 confident cells	< 3 confident cells	FALSE	1	0.0526315789473684	0.0526315789473684	615	0.000505816894284269	5	0.00392772977219167	0.00197458791208791	0.00474636606348265	0.00197068141631076	0.148
1677C>T	1677	C>T	TRUE	FALSE	FALSE	FALSE	FALSE	FALSE	FALSE	VMR and strand r	< 3 confident cells	< 3 confident cells	FALSE	0			145	0.000358744394618834	1	0.00925497454881999	0.00925497454881999	0.00925497454881999	0.002089196199888	0.097
1678C>A	1678	C>A	TRUE	FALSE	FALSE	FALSE	FALSE	FALSE	FALSE	VMR and strand r	< 3 confident cells	< 3 confident cells	FALSE	0			512	0.000418574054852856	7	0.0127832655432888	0.00497041420118343	0.0343839541547278	0.00209335131213113	0.05
1679T>C	1679	T>C	TRUE	TRUE	FALSE	FALSE	FALSE	TRUE	FALSE	VMR and strand r	Retained	< 10 cells at AF >= 0.05	FALSE	0			490	0.000444588989121014	17	0.0070242656449553	0.00170599943133352	0.0439621591541458	0.00479968342271435	0.298
1679T>G	1679	T>G	TRUE	FALSE	FALSE	FALSE	FALSE	FALSE	FALSE	VMR and strand r	< 3 confident cells	< 3 confident cells	FALSE	0			136	0.000293219595434191	1	0.00982862903225806	0.00982862903225806	0.00982862903225806	0.00199650786464675	-0.193
1680A>C	1680	A>C	TRUE	FALSE	FALSE	FALSE	FALSE	FALSE	FALSE	VMR and strand r	< 3 confident cells	< 3 confident cells	FALSE	1	0.0714285714285714	0.0714285714285714	186	0.000278524768858278	0				0.00178784583869003	-0.522
1680A>G	1680	A>G	TRUE	TRUE	TRUE	FALSE	TRUE	TRUE	FALSE	Retained	Retained	< 10 cells at AF >= 0.05	FALSE	3	0.999676270637747	1	626	0.000476509532086553	16	0.00669396145307399	0.00184794086589229	1	0.536540998366093	0.996
1681G>A	1681	G>A	TRUE	FALSE	FALSE	FALSE	FALSE	FALSE	FALSE	VMR and strand r	< 3 confident cells	< 3 confident cells	FALSE	0			342	0.000494758678930073	11	0.00802752293577982	0.00165772793759142	0.0352422907488987	0.00447020255367351	0.307
1681G>C	1681	G>C	TRUE	TRUE	FALSE	FALSE	FALSE	TRUE	FALSE	strand r only	Retained	< 10 cells at AF >= 0.05	FALSE	2	0.0754132231404959	0.0826446280991736	82	0.00211580598491523	28	0.00801192723310995	0.00133604104318085	0.0826446280991736	0.0301735936062159	0.454
1681G>T	1681	G>T	TRUE	FALSE	FALSE	FALSE	FALSE	FALSE	FALSE	VMR and strand r	< 3 confident cells	< 3 confident cells	FALSE	0			503	0.000419771224682548	1	0.00195026816187226	0.00195026816187226	0.00195026816187226	0.00147246046064583	-0.078
1682C>T	1682	C>T	TRUE	TRUE	FALSE	FALSE	FALSE	TRUE	FALSE	VMR and strand r	Retained	< 10 cells at AF >= 0.05	FALSE	0			909	0.0006426735218509	21	0.00446650124069479	0.00160893431762256	0.0280373831775701	0.00207762352155975	0.48
1683C>A	1683	C>A	TRUE	TRUE	FALSE	FALSE	FALSE	TRUE	FALSE	strand r only	Retained	< 10 cells at AF >= 0.05	FALSE	1	0.102449888641425	0.102449888641425	295	0.000315631657855283	3	0.00661417322834646	0.00183191266636758	0.102449888641425	0.0141708518082593	0.266
1683C>T	1683	C>T	TRUE	TRUE	FALSE	FALSE	FALSE	TRUE	FALSE	VMR and strand r	Retained	< 10 cells at AF >= 0.05	FALSE	0			164	0.000332717887467428	6	0.00749980391228637	0.00396785023908841	0.0179704016913319	0.00265238072129959	0.469
1684C>A	1684	C>A	TRUE	TRUE	FALSE	FALSE	FALSE	TRUE	FALSE	VMR and strand r	Retained	< 10 cells at AF >= 0.05	FALSE	0			631	0.000439753737906772	8	0.00625441500885962	0.0034209578682031	0.0385674931129477	0.00291134551388296	0.065
1684C>T	1684	C>T	TRUE	TRUE	FALSE	FALSE	FALSE	TRUE	FALSE	VMR and strand r	Retained	< 10 cells at AF >= 0.05	FALSE	0			237	0.000397772474144789	11	0.00713153724247227	0.00307803729856962	0.03173311635476	0.0048006894514791	0.39
1685C>A	1685	C>A	TRUE	TRUE	FALSE	FALSE	FALSE	TRUE	FALSE	VMR and strand r	Retained	< 10 cells at AF >= 0.05	FALSE	2	0.0734160269771067	0.0745428973277075	672	0.000513434879342803	13	0.00606132636082719	0.00248598586400195	0.0745428973277075	0.00836676765300331	0.178
1686A>C	1686	A>C	TRUE	TRUE	TRUE	FALSE	TRUE	TRUE	FALSE	Retained	Retained	< 10 cells at AF >= 0.05	FALSE	3	0.0909090909090909	0.174418604651163	522	0.00049297510475721	31	0.0102011901388495	0.00200287913876197	0.174418604651163	0.0291600307431579	0.671
1686A>G	1686	A>G	TRUE	TRUE	FALSE	FALSE	FALSE	TRUE	FALSE	VMR and strand r	Retained	< 10 cells at AF >= 0.05	FALSE	2	0.0531827490950657	0.0538793103448276	455	0.000478697941598851	22	0.00715399440231655	0.0022534606717459	0.0538793103448276	0.00792244981052405	0.576
1687A>G	1687	A>G	TRUE	TRUE	FALSE	FALSE	FALSE	TRUE	FALSE	VMR and strand r	Retained	< 10 cells at AF >= 0.05	FALSE	0			273	0.000335401643468053	6	0.00496161805068103	0.00199503673787164	0.0351882160392799	0.00311092904261526	0.519
1688A>C	1688	A>C	TRUE	TRUE	FALSE	FALSE	FALSE	TRUE	FALSE	VMR and strand r	Retained	< 10 cells at AF >= 0.05	FALSE	0			173	0.000367444424030865	6	0.00996735306588783	0.00159429803995123	0.0160550458715596	0.00257840588350131	0.103
1688A>G	1688	A>G	TRUE	FALSE	FALSE	FALSE	FALSE	FALSE	FALSE	VMR and strand r	< 3 confident cells	< 3 confident cells	FALSE	0			413	0.000406173842404549	9	0.00407860585836114	0.00209326665891383	0.0338733431516937	0.00373797199577858	0.291
1688A>T	1688	A>T	TRUE	TRUE	FALSE	FALSE	FALSE	TRUE	FALSE	VMR and strand r	Retained	< 10 cells at AF >= 0.05	FALSE	0			115	0.000414708321813658	10	0.0034170290695741	0.00116438156783978	0.0128617363344051	0.00250537746662928	0.323
1689C>A	1689	C>A	TRUE	TRUE	FALSE	FALSE	FALSE	TRUE	FALSE	VMR and strand r	Retained	< 10 cells at AF >= 0.05	FALSE	0			344	0.000412736893602118	9	0.00760777683854607	0.00331910858226648	0.0234082397003745	0.00276957976713603	0.379
1689C>T	1689	C>T	TRUE	TRUE	FALSE	FALSE	FALSE	TRUE	FALSE	VMR and strand r	Retained	< 10 cells at AF >= 0.05	FALSE	0			291	0.000472143531633617	13	0.00575511014090097	0.00182066454255803	0.0280112044817927	0.00471238986016506	0.499
1690C>A	1690	C>A	TRUE	TRUE	FALSE	FALSE	FALSE	TRUE	FALSE	VMR and strand r	Retained	< 10 cells at AF >= 0.05	FALSE	0			499	0.000396851643627224	6	0.00597732603445076	0.00377629922675778	0.0144578313253012	0.00169769492030657	0.081
1690C>T	1690	C>T	TRUE	TRUE	FALSE	FALSE	FALSE	TRUE	FALSE	strand r only	Retained	< 10 cells at AF >= 0.05	FALSE	1	0.053475935828877	0.053475935828877	129	0.000615006150061501	13	0.00816181689141235	0.00310527897425624	0.053475935828877	0.0105059339269179	0.595
1691C>A	1691	C>A	TRUE	TRUE	FALSE	FALSE	FALSE	TRUE	FALSE	VMR and strand r	Retained	< 10 cells at AF >= 0.05	FALSE	0			428	0.000411910006041007	6	0.00832360933688429	0.00404709345106696	0.0183066361556064	0.00223727826937809	0.293
1691C>T	1691	C>T	TRUE	TRUE	FALSE	FALSE	FALSE	TRUE	FALSE	VMR and strand r	Retained	< 10 cells at AF >= 0.05	FALSE	0			143	0.000478730679797565	14	0.00540158311469156	0.00153481233431003	0.0434372049102927	0.00651121205972317	0.444
1692A>C	1692	A>C	TRUE	TRUE	FALSE	FALSE	FALSE	TRUE	FALSE	strand r only	Retained	< 10 cells at AF >= 0.05	FALSE	1	0.0527182866556837	0.0527182866556837	94	0.000411852866008796	12	0.00369040279250117	0.000967171438045761	0.0527182866556837	0.0114846779650966	0.355
1692A>G	1692	A>G	TRUE	TRUE	FALSE	FALSE	FALSE	TRUE	FALSE	VMR and strand r	Retained	< 10 cells at AF >= 0.05	FALSE	0			294	0.000353219649946863	7	0.00514379237783493	0.00177004771432969	0.0121230960522226	0.00206083093832079	0.508
1692A>T	1692	A>T	TRUE	TRUE	FALSE	FALSE	FALSE	TRUE	FALSE	strand r only	Retained	< 10 cells at AF >= 0.05	FALSE	1	0.0624048706240487	0.0624048706240487	90	0.00066502477744699	17	0.00809199318568995	0.00132311342275755	0.0624048706240487	0.0125856026298806	0.568
1693C>A	1693	C>A	TRUE	TRUE	FALSE	FALSE	FALSE	TRUE	FALSE	VMR and strand r	Retained	< 10 cells at AF >= 0.05	FALSE	0			152	0.000289086457759508	3	0.00321580337659355	0.00196709585121602	0.012093023255814	0.00165346894184494	0.412
1693C>T	1693	C>T	TRUE	TRUE	FALSE	FALSE	FALSE	TRUE	FALSE	VMR and strand r	Retained	< 10 cells at AF >= 0.05	FALSE	0			266	0.000762047853905141	46	0.00660555521772603	0.0014787564019332	0.0406417112299465	0.00878395536428652	0.619
1694T>C	1694	T>C	TRUE	TRUE	TRUE	FALSE	TRUE	TRUE	FALSE	Retained	Retained	< 10 cells at AF >= 0.05	FALSE	7	0.0916030534351145	0.553533939818055	602	0.000531781923317075	52	0.0112278031650616	0.00104474385762663	0.553533939818055	0.12743236782628	0.988
1695C>A	1695	C>A	TRUE	TRUE	FALSE	FALSE	FALSE	TRUE	FALSE	VMR and strand r	Retained	< 10 cells at AF >= 0.05	FALSE	1	0.0596846846846847	0.0596846846846847	336	0.000320564201215051	2	0.0422700880070822	0.0248554913294798	0.0596846846846847	0.00654190293698052	0.184
1695C>T	1695	C>T	TRUE	TRUE	TRUE	FALSE	TRUE	TRUE	FALSE	Retained	Retained	< 10 cells at AF >= 0.05	FALSE	1	0.0762250453720508	0.0762250453720508	80	0.000730118625953792	13	0.00793111262179923	0.00206590228282202	0.0762250453720508	0.0224363695189125	0.699
1696C>A	1696	C>A	TRUE	FALSE	FALSE	FALSE	FALSE	FALSE	FALSE	VMR and strand r	< 3 confident cells	< 3 confident cells	FALSE	0			343	0.000315872598052119	1	0.0423340961098398	0.0423340961098398	0.0423340961098398	0.00350588537729049	-0.058
1696C>T	1696	C>T	TRUE	FALSE	FALSE	FALSE	FALSE	FALSE	FALSE	VMR and strand r	< 3 confident cells	< 3 confident cells	FALSE	0			128	0.00044848551284688	5	0.00700020588840848	0.00198807157057654	0.0253096392030156	0.00354901488652479	0.229
1697A>G	1697	A>G	TRUE	TRUE	FALSE	FALSE	FALSE	TRUE	FALSE	VMR and strand r	Retained	< 10 cells at AF >= 0.05	FALSE	0			438	0.000455796940463686	10	0.00714897559611216	0.00153896889084314	0.0391236306729265	0.00348008005238175	0.637
1697A>T	1697	A>T	TRUE	TRUE	FALSE	FALSE	FALSE	TRUE	FALSE	strand r only	Retained	< 10 cells at AF >= 0.05	FALSE	0			57	0.000377429703717683	12	0.0063394692413658	0.00189436148874526	0.0441860465116279	0.0107696173408317	0.395
1698C>A	1698	C>A	TRUE	FALSE	FALSE	FALSE	FALSE	FALSE	FALSE	VMR and strand r	< 3 confident cells	< 3 confident cells	FALSE	0			289	0.00032133676092545	2	0.0167257822844157	0.00197320594038841	0.031478358628443	0.00337497983216245	0.128
1698C>T	1698	C>T	TRUE	TRUE	FALSE	FALSE	FALSE	TRUE	FALSE	VMR and strand r	Retained	< 10 cells at AF >= 0.05	FALSE	1	0.082089552238806	0.082089552238806	431	0.000445368171021378	19	0.00684199273038272	0.00183608746453013	0.082089552238806	0.00941081210107993	0.43
1699C>A	1699	C>A	TRUE	TRUE	FALSE	FALSE	FALSE	TRUE	FALSE	strand r only	Retained	< 10 cells at AF >= 0.05	FALSE	1	0.115755627009646	0.115755627009646	476	0.000401342076198311	4	0.00295192316546498	0.00121111677715451	0.115755627009646	0.0133502998934368	0.095
1699C>T	1699	C>T	TRUE	TRUE	FALSE	FALSE	FALSE	TRUE	FALSE	VMR and strand r	Retained	< 10 cells at AF >= 0.05	FALSE	0			119	0.000432152117545376	4	0.00404427707729816	0.00351596835628479	0.0173410404624277	0.00256220430890552	0.398
1700T>A	1700	T>A	TRUE	FALSE	FALSE	FALSE	FALSE	FALSE	FALSE	VMR and strand r	< 3 confident cells	< 3 confident cells	FALSE	6	0.0818965517241379	0.181818181818182	1822	0.00104363782590673	58	0.00862596398763433	0.000942803268384664	0.113636363636364	0.0068032682383846	0.04
1700T>C	1700	T>C	TRUE	TRUE	FALSE	FALSE	FALSE	TRUE	FALSE	strand r only	Retained	< 10 cells at AF >= 0.05	FALSE	2	0.0623271889400922	0.0714285714285714	472	0.000476032934250465	11	0.00565976714100906	0.00142410365240701	0.0714285714285714	0.0103026843698867	0.492
1700T>G	1700	T>G	TRUE	TRUE	FALSE	FALSE	FALSE	TRUE	FALSE	VMR and strand r	Retained	< 10 cells at AF >= 0.05	FALSE	0			692	0.000494162720039619	5	0.00619480690655068	0.00559701492537313	0.02125	0.00245644606093669	0.062
1701T>C	1701	T>C	TRUE	TRUE	FALSE	FALSE	FALSE	TRUE	FALSE	VMR only	Retained	< 10 cells at AF >= 0.05	FALSE	1	0.0853658536585366	0.0853658536585366	661	0.000558971492453885	36	0.00838006675393129	0.00170078357529004	0.0853658536585366	0.00977271020892802	0.656
1701T>G	1701	T>G	TRUE	FALSE	FALSE	FALSE	FALSE	FALSE	FALSE	VMR and strand r	< 3 confident cells	< 3 confident cells	FALSE	1	0.0625	0.0625	158	0.000261544771594494	2	0.00682549437836665	0.0052757793764988	0.00837520938023451	0.0024333109142587	-0.192
1702A>G	1702	A>G	TRUE	FALSE	FALSE	FALSE	FALSE	FALSE	FALSE	VMR and strand r	< 3 confident cells	< 3 confident cells	FALSE	0			256	0.000334355099164002	3	0.0180859080633007	0.00352871985885121	0.0413223140495868	0.0048532390136068	0.292
1703C>A	1703	C>A	TRUE	FALSE	FALSE	FALSE	FALSE	FALSE	FALSE	VMR and strand r	< 3 confident cells	< 3 confident cells	FALSE	1	0.0833333333333333	0.0833333333333333	659	0.000442086648983201	3	0.00477099236641221	0.00207188541572831	0.00825082508250825	0.00213446343581068	0.017
1703C>T	1703	C>T	TRUE	TRUE	FALSE	FALSE	FALSE	TRUE	FALSE	VMR only	Retained	< 10 cells at AF >= 0.05	FALSE	0			224	0.000500503634913911	19	0.00570909562735176	0.000928444962646284	0.0471464019851117	0.00534919772657417	0.748
1704T>C	1704	T>C	TRUE	TRUE	TRUE	FALSE	TRUE	TRUE	FALSE	Retained	Retained	< 10 cells at AF >= 0.05	FALSE	3	0.13785046728972	0.995308994493167	614	0.000535189612079904	34	0.00505328706907781	0.00119845698662971	0.995308994493167	0.170979282320528	1
1704T>G	1704	T>G	TRUE	FALSE	FALSE	FALSE	FALSE	FALSE	FALSE	VMR and strand r	< 3 confident cells	< 3 confident cells	FALSE	0			436	0.000362746348094646	0				0.00153423032643525	-0.157
1705A>C	1705	A>C	TRUE	TRUE	FALSE	FALSE	FALSE	TRUE	FALSE	VMR and strand r	Retained	< 10 cells at AF >= 0.05	FALSE	0			582	0.00039194186204674	0				0.00164942814450224	-0.101
1705A>G	1705	A>G	TRUE	TRUE	FALSE	FALSE	FALSE	TRUE	FALSE	VMR and strand r	Retained	< 10 cells at AF >= 0.05	FALSE	1	0.0523255813953488	0.0523255813953488	1647	0.000794859905941578	19	0.00746965452847806	0.00114517265680056	0.0523255813953488	0.00342227888911527	0.616
1705A>T	1705	A>T	TRUE	TRUE	FALSE	FALSE	FALSE	TRUE	FALSE	VMR and strand r	Retained	< 10 cells at AF >= 0.05	FALSE	0			53	0.000353107344632768	5	0.00637393767705382	0.00150089687740235	0.0282131661442006	0.00478440308001592	0.373
1706C>A	1706	C>A	TRUE	TRUE	FALSE	FALSE	FALSE	TRUE	FALSE	VMR and strand r	Retained	< 10 cells at AF >= 0.05	FALSE	0			765	0.000508646998982706	3	0.00230071728244688	0.00122493977379446	0.0247592847317744	0.00216817637598533	0.192
1706C>T	1706	C>T	TRUE	TRUE	FALSE	FALSE	FALSE	TRUE	FALSE	VMR and strand r	Retained	< 10 cells at AF >= 0.05	FALSE	0			252	0.000414435832262893	4	0.00237626478800533	0.00120688854848443	0.00759589821496392	0.00206850063213627	0.635
1707C>A	1707	C>A	TRUE	FALSE	FALSE	FALSE	FALSE	FALSE	FALSE	VMR and strand r	< 3 confident cells	< 3 confident cells	FALSE	0			681	0.000432825484764543	3	0.00567823343848581	0.00392310710082385	0.0156599552572707	0.0016842976519038	0.179
1707C>T	1707	C>T	TRUE	TRUE	FALSE	FALSE	FALSE	TRUE	FALSE	VMR only	Retained	< 10 cells at AF >= 0.05	FALSE	1	0.0513595166163142	0.0513595166163142	222	0.000421891313619008	18	0.00890413907073585	0.000892906970255037	0.0513595166163142	0.00772553156048082	0.703
1708A>C	1708	A>C	TRUE	TRUE	FALSE	FALSE	FALSE	TRUE	FALSE	VMR and strand r	Retained	< 10 cells at AF >= 0.05	FALSE	0			673	0.000436585898275486	1	0.00824175824175824	0.00824175824175824	0.00824175824175824	0.00220207605139718	-0.04
1708A>G	1708	A>G	TRUE	TRUE	FALSE	FALSE	FALSE	TRUE	FALSE	VMR only	Retained	< 10 cells at AF >= 0.05	FALSE	0			530	0.000452337268560151	13	0.00476323900252172	0.0011987283056236	0.0174863387978142	0.00203198586463735	0.703
1708A>T	1708	A>T	TRUE	TRUE	FALSE	FALSE	FALSE	TRUE	FALSE	VMR only	Retained	< 10 cells at AF >= 0.05	FALSE	0			97	0.000760100567151962	16	0.00525930236212336	0.00165073251255245	0.0357142857142857	0.00699746311371173	0.686
1709G>A	1709	G>A	TRUE	TRUE	TRUE	FALSE	TRUE	TRUE	FALSE	Retained	Retained	< 10 cells at AF >= 0.05	FALSE	1	0.270742358078603	0.270742358078603	497	0.000463714351959193	13	0.00561097256857855	0.00154569459650931	0.270742358078603	0.0699987345330727	0.67
1709G>T	1709	G>T	TRUE	FALSE	FALSE	FALSE	FALSE	FALSE	FALSE	VMR and strand r	< 3 confident cells	< 3 confident cells	FALSE	0			329	0.000304952427421322	1	0.00716662400819043	0.00716662400819043	0.00716662400819043	0.0015444819465736	-0.183
1710A>G	1710	A>G	TRUE	TRUE	FALSE	FALSE	FALSE	TRUE	FALSE	VMR only	Retained	< 10 cells at AF >= 0.05	FALSE	1	0.05	0.05	771	0.000480192076830732	20	0.00524397392257298	0.00147148548253957	0.0462287104622871	0.00432633534358381	0.707
1710A>T	1710	A>T	TRUE	TRUE	FALSE	FALSE	FALSE	TRUE	FALSE	strand r only	Retained	< 10 cells at AF >= 0.05	FALSE	1	0.0588235294117647	0.0588235294117647	106	0.000319770111134493	12	0.00647886801616307	0.00143953934740883	0.0284629981024668	0.0142397683968712	0.548
1711C>A	1711	C>A	TRUE	TRUE	FALSE	FALSE	FALSE	TRUE	FALSE	VMR and strand r	Retained	< 10 cells at AF >= 0.05	FALSE	0			294	0.00027485799003848	2	0.00503121396639397	0.00378179067788598	0.00628063725490196	0.00118669847885638	0.146
1711C>T	1711	C>T	TRUE	TRUE	FALSE	FALSE	FALSE	TRUE	FALSE	VMR only	Retained	< 10 cells at AF >= 0.05	FALSE	0			248	0.000483964844222279	16	0.00928118701220728	0.00115870060004138	0.0289940828402367	0.0045236323533888	0.781
1712A>C	1712	A>C	TRUE	FALSE	FALSE	FALSE	FALSE	FALSE	FALSE	VMR and strand r	< 3 confident cells	< 3 confident cells	FALSE	0			329	0.00030087253033798	1	0.00689655172413793	0.00689655172413793	0.00689655172413793	0.00133760038769254	-0.226
1712A>G	1712	A>G	TRUE	TRUE	FALSE	FALSE	FALSE	TRUE	FALSE	VMR only	Retained	< 10 cells at AF >= 0.05	FALSE	0			501	0.000419603893924136	12	0.00593303597293829	0.00138651007258788	0.0161579892280072	0.00210538471409499	0.69
1713A>C	1713	A>C	TRUE	TRUE	FALSE	FALSE	FALSE	TRUE	FALSE	VMR and strand r	Retained	< 10 cells at AF >= 0.05	FALSE	0			540	0.000357631931281974	0				0.00159817062427897	-0.113
1713A>G	1713	A>G	TRUE	TRUE	FALSE	FALSE	FALSE	TRUE	FALSE	VMR only	Retained	< 10 cells at AF >= 0.05	FALSE	1	0.0628415300546448	0.0628415300546448	537	0.000425049589118731	15	0.00749063670411985	0.00168680695738739	0.0628415300546448	0.00780048513819167	0.894
1713A>T	1713	A>T	TRUE	TRUE	FALSE	FALSE	FALSE	TRUE	FALSE	VMR only	Retained	< 10 cells at AF >= 0.05	FALSE	0			60	0.00026285827589482	9	0.00515021459227468	0.00223463687150838	0.0247422680412371	0.0037086800404465	0.718
1714C>A	1714	C>A	TRUE	TRUE	FALSE	FALSE	FALSE	TRUE	FALSE	VMR and strand r	Retained	< 10 cells at AF >= 0.05	FALSE	1	0.0537974683544304	0.0537974683544304	478	0.000338571898859074	2	0.0281452897473503	0.00249311114027031	0.0537974683544304	0.00432665239655927	0.138
1714C>T	1714	C>T	TRUE	TRUE	TRUE	FALSE	TRUE	TRUE	FALSE	Retained	Retained	< 10 cells at AF >= 0.05	FALSE	1	0.154255319148936	0.154255319148936	262	0.000471770812526325	21	0.00892857142857143	0.00149671117413053	0.154255319148936	0.0354079855151945	0.787
1715C>A	1715	C>A	TRUE	TRUE	FALSE	FALSE	FALSE	TRUE	FALSE	VMR and strand r	Retained	< 10 cells at AF >= 0.05	FALSE	0			863	0.000461041954817888	2	0.0048690273667023	0.00430748840291584	0.00543056633048875	0.00152433129806883	0.214
1715C>T	1715	C>T	TRUE	TRUE	TRUE	FALSE	TRUE	TRUE	FALSE	Retained	Retained	< 10 cells at AF >= 0.05	FALSE	4	0.0737534162796476	0.285714285714286	270	0.00182565381070861	86	0.00597953621245026	0.00142772159428911	0.285714285714286	0.0174801503929658	0.875
1716T>A	1716	T>A	TRUE	TRUE	FALSE	TRUE	FALSE	TRUE	TRUE	VMR and strand r	Retained	Retained	FALSE	13	0.0752688172043011	0.173913043478261	2619	0.0013129102844639	151	0.00372699743768926	0.000852493543615074	0.173913043478261	0.0081701409083601	0.218
1716T>C	1716	T>C	TRUE	TRUE	TRUE	FALSE	TRUE	TRUE	FALSE	Retained	Retained	< 10 cells at AF >= 0.05	FALSE	4	0.0721037668798863	0.254728877679697	800	0.000520563476767856	14	0.00671007223807908	0.002	0.254728877679697	0.0460035354451154	0.913
1716T>G	1716	T>G	TRUE	TRUE	FALSE	FALSE	FALSE	TRUE	FALSE	VMR and strand r	Retained	< 10 cells at AF >= 0.05	FALSE	0			294	0.000347931654202722	6	0.00511223790385394	0.0037243947858473	0.0143157894736842	0.00231520942977635	0.425
1717T>C	1717	T>C	TRUE	TRUE	TRUE	FALSE	TRUE	TRUE	FALSE	Retained	Retained	< 10 cells at AF >= 0.05	FALSE	2	0.268606060606061	0.454545454545455	317	0.000382116927779901	13	0.0147891755821271	0.00112395632626846	0.454545454545455	0.250745072853996	0.958
1718A>C	1718	A>C	TRUE	FALSE	FALSE	FALSE	FALSE	FALSE	FALSE	VMR and strand r	< 3 confident cells	< 3 confident cells	FALSE	0			129	0.000219010074463425	0				0.00119656426573895	-0.466
1718A>G	1718	A>G	TRUE	TRUE	FALSE	FALSE	FALSE	TRUE	FALSE	VMR only	Retained	< 10 cells at AF >= 0.05	FALSE	2	0.0994736842105263	0.1	839	0.000560538116591928	33	0.00596948927702852	0.00132267179703	0.0989473684210526	0.00811819886944138	0.866
1719G>A	1719	G>A	TRUE	TRUE	TRUE	FALSE	TRUE	TRUE	FALSE	Retained	Retained	< 10 cells at AF >= 0.05	FALSE	3	0.592459173871278	0.998716302952503	219	0.000425290615253757	28	0.00696426280452168	0.00104315170903022	0.998716302952503	0.686392686555298	0.999
1719G>C	1719	G>C	TRUE	FALSE	FALSE	FALSE	FALSE	FALSE	FALSE	VMR and strand r	< 3 confident cells	< 3 confident cells	FALSE	0			49	0.000260044207515278	3	0.00644587686152478	0.00563221627710504	0.0067911714770798	0.00213720182247232	0.196
1719G>T	1719	G>T	TRUE	TRUE	FALSE	FALSE	FALSE	TRUE	FALSE	VMR and strand r	Retained	< 10 cells at AF >= 0.05	FALSE	1	0.0769230769230769	0.0769230769230769	1151	0.000537634408602151	7	0.00532150776053215	0.00113715564359341	0.0173913043478261	0.00172350484146663	0.143
1720C>A	1720	C>A	TRUE	TRUE	FALSE	FALSE	FALSE	TRUE	FALSE	VMR and strand r	Retained	< 10 cells at AF >= 0.05	FALSE	0			1062	0.000495227869030823	1	0.0096322241681261	0.0096322241681261	0.0096322241681261	0.00162856255703854	0.262
1720C>T	1720	C>T	TRUE	TRUE	FALSE	FALSE	FALSE	TRUE	FALSE	VMR only	Retained	< 10 cells at AF >= 0.05	FALSE	1	0.27906976744186	0.27906976744186	808	0.000523184558819001	31	0.00628789580058388	0.00125965277397448	0.27906976744186	0.00494127687433687	0.682
1721C>A	1721	C>A	TRUE	TRUE	FALSE	FALSE	FALSE	TRUE	FALSE	VMR and strand r	Retained	< 10 cells at AF >= 0.05	FALSE	0			721	0.000432775533756492	12	0.00631824923634846	0.00274326286913022	0.0281973816717019	0.00265205729620369	0.526
1721C>T	1721	C>T	TRUE	TRUE	FALSE	FALSE	FALSE	TRUE	FALSE	VMR only	Retained	< 10 cells at AF >= 0.05	FALSE	1	0.108374384236453	0.108374384236453	211	0.000436014824504033	7	0.0175025244025581	0.00220056585979252	0.108374384236453	0.00518387099884596	0.754
1722A>C	1722	A>C	TRUE	TRUE	FALSE	FALSE	FALSE	TRUE	FALSE	VMR only	Retained	< 10 cells at AF >= 0.05	FALSE	1	0.0526315789473684	0.0526315789473684	357	0.000301053687907677	6	0.00615279487707885	0.00101373367768096	0.0208263352368156	0.00216345133195462	0.753
1722A>G	1722	A>G	TRUE	TRUE	FALSE	FALSE	FALSE	TRUE	FALSE	VMR only	Retained	< 10 cells at AF >= 0.05	FALSE	0			751	0.000422154677473826	11	0.00531309297912713	0.00136700208847541	0.0148698884758364	0.00160220839523497	0.674
1722A>T	1722	A>T	TRUE	TRUE	FALSE	FALSE	FALSE	TRUE	FALSE	strand r only	Retained	< 10 cells at AF >= 0.05	FALSE	1	0.2152466367713	0.2152466367713	75	0.000333222259246918	3	0.0023088340388104	0.00150007895152376	0.2152466367713	0.179686569458403	0.592
1723A>C	1723	A>C	TRUE	FALSE	FALSE	FALSE	FALSE	FALSE	FALSE	VMR and strand r	< 3 confident cells	< 3 confident cells	FALSE	1	0.0666666666666667	0.0666666666666667	383	0.000285428856857428	0				0.00124388061532188	-0.198
1723A>G	1723	A>G	TRUE	TRUE	FALSE	FALSE	FALSE	TRUE	FALSE	VMR only	Retained	< 10 cells at AF >= 0.05	FALSE	0			456	0.000384433548527448	8	0.00429828122453613	0.00169025157232704	0.0171037628278221	0.00213518512576759	0.685
1723A>T	1723	A>T	TRUE	FALSE	FALSE	FALSE	FALSE	FALSE	FALSE	VMR and strand r	< 3 confident cells	< 3 confident cells	FALSE	0			112	0.000266248742359841	0				0.00140246535347643	-0.554
1724A>C	1724	A>C	TRUE	FALSE	FALSE	FALSE	FALSE	FALSE	FALSE	VMR and strand r	< 3 confident cells	< 3 confident cells	FALSE	0			230	0.000264384684075287	0				0.00149142470831359	-0.311
1724A>G	1724	A>G	TRUE	TRUE	TRUE	FALSE	TRUE	TRUE	FALSE	Retained	Retained	< 10 cells at AF >= 0.05	FALSE	2	0.119145857475733	0.187240663900415	602	0.00045200300872244	13	0.009470361276745	0.0026694045174538	0.187240663900415	0.0335444088485191	0.958
1724A>T	1724	A>T	TRUE	FALSE	FALSE	FALSE	FALSE	FALSE	FALSE	VMR and strand r	< 3 confident cells	< 3 confident cells	FALSE	0			130	0.000226774593476671	1	0.00620675620675621	0.00620675620675621	0.00620675620675621	0.00175947283999374	0.374
1725C>A	1725	C>A	TRUE	TRUE	FALSE	FALSE	FALSE	TRUE	FALSE	VMR and strand r	Retained	< 10 cells at AF >= 0.05	FALSE	0			1275	0.000580635796196836	7	0.00717360114777618	0.0023203712594015	0.0317919075144509	0.00208954144655889	0.227
1725C>T	1725	C>T	TRUE	TRUE	FALSE	FALSE	FALSE	TRUE	FALSE	strand r only	Retained	< 10 cells at AF >= 0.05	FALSE	1	0.0576687116564417	0.0576687116564417	165	0.000433651344319167	4	0.00642796359637732	0.00399436090225564	0.0576687116564417	0.0125550981265237	0.594
1726C>A	1726	C>A	TRUE	TRUE	FALSE	FALSE	FALSE	TRUE	FALSE	VMR and strand r	Retained	< 10 cells at AF >= 0.05	FALSE	1	0.0833333333333333	0.0833333333333333	1082	0.000483652833640455	3	0.00448179271708684	0.00350262697022767	0.00589212872035051	0.00128926248901473	0.22
1726C>T	1726	C>T	TRUE	TRUE	FALSE	FALSE	FALSE	TRUE	FALSE	VMR only	Retained	< 10 cells at AF >= 0.05	FALSE	0			204	0.000376165590682385	7	0.00777453838678328	0.00142069196055491	0.0118613138686131	0.00223118375351444	0.732
1727A>C	1727	A>C	TRUE	FALSE	FALSE	FALSE	FALSE	FALSE	FALSE	VMR and strand r	< 3 confident cells	< 3 confident cells	FALSE	0			218	0.000222457071698876	0				0.00176179556579468	-0.403
1727A>G	1727	A>G	TRUE	TRUE	FALSE	FALSE	FALSE	TRUE	FALSE	VMR only	Retained	< 10 cells at AF >= 0.05	FALSE	0			425	0.00043525571273123	9	0.00424499696785931	0.00173903592196076	0.0454246214614878	0.00498645625188326	0.737
1727A>T	1727	A>T	TRUE	TRUE	FALSE	FALSE	FALSE	TRUE	FALSE	VMR only	Retained	< 10 cells at AF >= 0.05	FALSE	0			161	0.000322632682690757	18	0.00553147777386197	0.00235807083110874	0.0329256820319849	0.00598411282780388	0.682
1728T>A	1728	T>A	TRUE	TRUE	FALSE	FALSE	FALSE	TRUE	FALSE	VMR and strand r	Retained	< 10 cells at AF >= 0.05	FALSE	4	0.0786184210526316	0.12	2235	0.000976085895558809	65	0.00474137931034483	0.00088081336823032	0.0947368421052632	0.00615203310733037	0.233
1728T>C	1728	T>C	TRUE	TRUE	TRUE	FALSE	TRUE	TRUE	FALSE	Retained	Retained	< 10 cells at AF >= 0.05	FALSE	4	0.0879653615572497	0.998311761395611	415	0.000494315373208107	35	0.00633458105384394	0.00102457107728992	0.998311761395611	0.602909897445297	0.997
1728T>G	1728	T>G	TRUE	TRUE	FALSE	FALSE	FALSE	TRUE	FALSE	VMR only	Retained	< 10 cells at AF >= 0.05	FALSE	0			135	0.000253100480890914	10	0.00660177684288559	0.00112713098201287	0.0368744512730465	0.00650011027530443	0.818
1729T>A	1729	T>A	TRUE	TRUE	FALSE	FALSE	FALSE	TRUE	FALSE	VMR and strand r	Retained	< 10 cells at AF >= 0.05	FALSE	0			1782	0.000705052917908311	3	0.00643172986734557	0.00562184488297384	0.00673012210364388	0.00120234700402184	0.494
1729T>C	1729	T>C	TRUE	TRUE	TRUE	FALSE	TRUE	TRUE	FALSE	Retained	Retained	< 10 cells at AF >= 0.05	FALSE	1	1	1	374	0.000358338280115729	18	0.00763775765078951	0.00173021467478372	1	0.972537146298761	0.982
1729T>G	1729	T>G	TRUE	FALSE	FALSE	FALSE	FALSE	FALSE	FALSE	VMR and strand r	< 3 confident cells	< 3 confident cells	FALSE	0			341	0.000278318953520735	1	0.0034443168771527	0.0034443168771527	0.0034443168771527	0.00128231984099565	-0.249
1730T>A	1730	T>A	TRUE	TRUE	FALSE	FALSE	FALSE	TRUE	FALSE	VMR and strand r	Retained	< 10 cells at AF >= 0.05	FALSE	1	0.0711462450592885	0.0711462450592885	1071	0.000468676769254804	3	0.0275071633237822	0.0158976347421481	0.0711462450592885	0.00467252993994905	0.543
1730T>C	1730	T>C	TRUE	TRUE	TRUE	FALSE	TRUE	TRUE	FALSE	Retained	Retained	< 10 cells at AF >= 0.05	FALSE	1	0.0855263157894737	0.0855263157894737	361	0.000451875282422052	14	0.00891864764324275	0.00152260897277009	0.0855263157894737	0.0121924152657186	0.87
1731A>G	1731	A>G	TRUE	TRUE	FALSE	FALSE	FALSE	TRUE	FALSE	VMR only	Retained	< 10 cells at AF >= 0.05	FALSE	0			563	0.000450315220654458	17	0.00589005235602094	0.00127916721803185	0.0370090634441088	0.00407901755447947	0.833
1731A>T	1731	A>T	TRUE	TRUE	FALSE	FALSE	FALSE	TRUE	FALSE	VMR only	Retained	< 10 cells at AF >= 0.05	FALSE	0			133	0.00029944602485402	7	0.00744371822803195	0.00278023505623657	0.0169983416252073	0.00316579283103129	0.697
1732C>A	1732	C>A	TRUE	TRUE	FALSE	FALSE	FALSE	TRUE	FALSE	VMR and strand r	Retained	< 10 cells at AF >= 0.05	FALSE	3	0.0612244897959184	0.133333333333333	1876	0.000814332787571213	29	0.0103675777568332	0.000891606164819768	0.0612244897959184	0.0044005472430448	0.28
1732C>G	1732	C>G	TRUE	FALSE	FALSE	FALSE	FALSE	FALSE	FALSE	VMR only	< 3 confident cells	< 3 confident cells	FALSE	0			41	0.000312793243665937	1	0.0111927247289262	0.0111927247289262	0.0111927247289262	0.00249462452840344	0.674
1732C>T	1732	C>T	TRUE	TRUE	FALSE	FALSE	FALSE	TRUE	FALSE	VMR only	Retained	< 10 cells at AF >= 0.05	FALSE	0			392	0.000436588894087737	13	0.00459406537129086	0.00117376881857617	0.0377952755905512	0.00580347438156071	0.695
1733C>A	1733	C>A	TRUE	TRUE	FALSE	FALSE	FALSE	TRUE	FALSE	VMR and strand r	Retained	< 10 cells at AF >= 0.05	FALSE	0			2097	0.000803120697567692	4	0.00400674425585099	0.00205596403805276	0.0177752293577982	0.00131432638038771	0.498
1733C>T	1733	C>T	TRUE	TRUE	FALSE	FALSE	FALSE	TRUE	FALSE	VMR only	Retained	< 10 cells at AF >= 0.05	FALSE	0			408	0.000455847707904217	21	0.00430332635496627	0.00173293063326237	0.0163487738419619	0.00251844037602704	0.85
1734C>A	1734	C>A	TRUE	TRUE	FALSE	FALSE	FALSE	TRUE	FALSE	VMR and strand r	Retained	< 10 cells at AF >= 0.05	FALSE	0			988	0.000487291865071324	1	0.00180750112968821	0.00180750112968821	0.00180750112968821	0.0013226425145115	0.208
1734C>T	1734	C>T	TRUE	TRUE	TRUE	FALSE	TRUE	TRUE	FALSE	Retained	Retained	< 10 cells at AF >= 0.05	FALSE	2	0.0552213786375454	0.0603732162458837	353	0.000461573967228248	33	0.00520266182698125	0.00148862266959665	0.0603732162458837	0.0112627659411256	0.877
1735A>C	1735	A>C	TRUE	FALSE	FALSE	FALSE	FALSE	FALSE	FALSE	VMR and strand r	< 3 confident cells	< 3 confident cells	FALSE	0			201	0.000231320842007865	1	0.0011081287399345	0.0011081287399345	0.0011081287399345	0.00136272666631334	0.231
1735A>G	1735	A>G	TRUE	TRUE	TRUE	FALSE	TRUE	TRUE	FALSE	Retained	Retained	< 10 cells at AF >= 0.05	FALSE	2	0.0969245051536852	0.103646833013436	967	0.00055175457956301	17	0.00664206642066421	0.00287786347415679	0.103646833013436	0.0139763690543544	0.761
1735A>T	1735	A>T	TRUE	TRUE	FALSE	FALSE	FALSE	TRUE	FALSE	VMR and strand r	Retained	< 10 cells at AF >= 0.05	FALSE	0			193	0.000393236335037357	5	0.00527704485488127	0.00305296901236452	0.00617283950617284	0.00146966970695778	0.247
1736A>C	1736	A>C	TRUE	TRUE	FALSE	FALSE	FALSE	TRUE	FALSE	VMR only	Retained	< 10 cells at AF >= 0.05	FALSE	0			134	0.000228089349739986	3	0.00118200398926346	0.00105551211884285	0.0141271442986882	0.00155484199057909	0.654
1736A>G	1736	A>G	TRUE	TRUE	FALSE	TRUE	FALSE	TRUE	TRUE	VMR only	Retained	Retained	FALSE	7195	1	1	7196	1	7196	1	0.00492107706592386	1	0.000447101453234328	0.999
1736A>T	1736	A>T	TRUE	TRUE	FALSE	FALSE	FALSE	TRUE	FALSE	VMR and strand r	Retained	< 10 cells at AF >= 0.05	FALSE	1	0.0668286755771567	0.0668286755771567	1421	0.000588004704037632	22	0.00773791428774709	0.00292041859333171	0.0668286755771567	0.00444517890446555	0.189
1737A>C	1737	A>C	TRUE	TRUE	FALSE	FALSE	FALSE	TRUE	FALSE	VMR only	Retained	< 10 cells at AF >= 0.05	FALSE	0			28	0.000356900694973622	8	0.00994275218635216	0.000758807588075881	0.0157608695652174	0.00434255263403599	0.926
1737A>G	1737	A>G	TRUE	TRUE	TRUE	FALSE	TRUE	TRUE	FALSE	Retained	Retained	< 10 cells at AF >= 0.05	FALSE	1	0.11716621253406	0.11716621253406	536	0.000498463488470863	54	0.00593892820986766	0.000977961745775433	0.11716621253406	0.0158526801204034	0.914
1737A>T	1737	A>T	TRUE	TRUE	TRUE	FALSE	TRUE	TRUE	FALSE	Retained	Retained	< 10 cells at AF >= 0.05	FALSE	7	0.0844827586206897	0.293103448275862	393	0.0023841961852861	166	0.00646239242570024	0.000801844241756039	0.293103448275862	0.0372345200005422	0.912
1738T>A	1738	T>A	TRUE	TRUE	FALSE	FALSE	FALSE	TRUE	FALSE	VMR only	Retained	< 10 cells at AF >= 0.05	FALSE	0			518	0.000323006234000319	14	0.00750246188519582	0.00205920205920206	0.0309734513274336	0.00417173428850006	0.819
1738T>C	1738	T>C	TRUE	TRUE	TRUE	FALSE	TRUE	TRUE	FALSE	Retained	Retained	< 10 cells at AF >= 0.05	FALSE	1	1	1	283	0.000343406593406593	14	0.00427979049067356	0.00258039668784903	1	1.48525376318385	0.972
1738T>G	1738	T>G	TRUE	FALSE	FALSE	FALSE	FALSE	FALSE	FALSE	VMR and strand r	< 3 confident cells	< 3 confident cells	FALSE	0			282	0.000235613026179179	0				0.00127755342159648	-0.403
1739A>G	1739	A>G	TRUE	TRUE	FALSE	FALSE	FALSE	TRUE	FALSE	VMR only	Retained	< 10 cells at AF >= 0.05	FALSE	0			618	0.000471170349240765	26	0.00828919915587411	0.00117108485042053	0.0319888734353268	0.00603311386309101	0.842
1739A>T	1739	A>T	TRUE	TRUE	FALSE	FALSE	FALSE	TRUE	FALSE	VMR only	Retained	< 10 cells at AF >= 0.05	FALSE	0			102	0.000250393592080798	4	0.01082528231107	0.00478898533373242	0.0175219023779725	0.00269686056165275	0.76
1740A>C	1740	A>C	TRUE	TRUE	FALSE	FALSE	FALSE	TRUE	FALSE	VMR and strand r	Retained	< 10 cells at AF >= 0.05	FALSE	0			604	0.000346170553783011	2	0.00631416438324897	0.00203769740193581	0.0105906313645621	0.00130054769842424	0.025
1740A>G	1740	A>G	TRUE	TRUE	FALSE	FALSE	FALSE	TRUE	FALSE	VMR only	Retained	< 10 cells at AF >= 0.05	FALSE	1	0.0662650602409639	0.0662650602409639	714	0.000444365618122566	11	0.0048094709581946	0.00278344776396363	0.0662650602409639	0.00576585749857547	0.723
1740A>T	1740	A>T	TRUE	TRUE	FALSE	FALSE	FALSE	TRUE	FALSE	VMR and strand r	Retained	< 10 cells at AF >= 0.05	FALSE	1	0.176245210727969	0.176245210727969	590	0.00042774889786935	54	0.00627806344959012	0.00143820512001023	0.176245210727969	0.00551036751208617	-0.06
1741A>C	1741	A>C	TRUE	TRUE	FALSE	FALSE	FALSE	TRUE	FALSE	strand r only	Retained	< 10 cells at AF >= 0.05	FALSE	1	0.195219123505976	0.195219123505976	93	0.0003339455668726	4	0.0114875737529054	0.00447658402203857	0.195219123505976	0.185599082109502	0.642
1741A>G	1741	A>G	TRUE	TRUE	FALSE	FALSE	FALSE	TRUE	FALSE	VMR and strand r	Retained	< 10 cells at AF >= 0.05	FALSE	1	0.175572519083969	0.175572519083969	1076	0.000622859466144843	84	0.00663003102957622	0.00145906683160466	0.175572519083969	0.00699189185062908	0.475
1741A>T	1741	A>T	TRUE	TRUE	FALSE	FALSE	FALSE	TRUE	FALSE	VMR and strand r	Retained	< 10 cells at AF >= 0.05	FALSE	0			508	0.000362533307244473	2	0.0044821218323118	0.0042571306939123	0.0047071129707113	0.00132891661202373	0.022
1742G>A	1742	G>A	TRUE	TRUE	TRUE	FALSE	TRUE	TRUE	FALSE	Retained	Retained	< 10 cells at AF >= 0.05	FALSE	1	0.998193315266486	0.998193315266486	216	0.000394920993967288	10	0.00464215535712624	0.00318576293529606	0.998193315266486	1.20675417988275	0.998
1742G>T	1742	G>T	TRUE	TRUE	FALSE	FALSE	FALSE	TRUE	FALSE	VMR and strand r	Retained	< 10 cells at AF >= 0.05	FALSE	1	0.0714285714285714	0.0714285714285714	1473	0.000601926163723917	8	0.00691453893964535	0.0035437430786268	0.0130057803468208	0.00185229772667993	0.195
1743T>C	1743	T>C	TRUE	TRUE	TRUE	FALSE	TRUE	TRUE	FALSE	Retained	Retained	< 10 cells at AF >= 0.05	FALSE	0			360	0.00044790046469109	29	0.00869925434962718	0.00105901999918537	0.043778801843318	0.0109718889560492	0.933
1743T>G	1743	T>G	TRUE	TRUE	FALSE	FALSE	FALSE	TRUE	FALSE	VMR and strand r	Retained	< 10 cells at AF >= 0.05	FALSE	1	0.175572519083969	0.175572519083969	186	0.00123508847769534	55	0.00618218521322231	0.000851728298672724	0.175572519083969	0.00771204167043842	0.392
1744A>G	1744	A>G	TRUE	TRUE	FALSE	FALSE	FALSE	TRUE	FALSE	VMR only	Retained	< 10 cells at AF >= 0.05	FALSE	0			560	0.000407930165071502	12	0.0054788040907534	0.00180321805067505	0.0363036303630363	0.00278546932827108	0.873
1744A>T	1744	A>T	TRUE	TRUE	FALSE	FALSE	FALSE	TRUE	FALSE	VMR only	Retained	< 10 cells at AF >= 0.05	FALSE	0			123	0.00023441162681669	6	0.00777886088703667	0.00331520331520332	0.0440653873489694	0.00778212681099348	0.841
1745T>C	1745	T>C	TRUE	TRUE	FALSE	FALSE	FALSE	TRUE	FALSE	VMR only	Retained	< 10 cells at AF >= 0.05	FALSE	2	0.106395973810222	0.148148148148148	349	0.000411692054343351	10	0.00835429993298298	0.00214546234713581	0.148148148148148	0.00981516099258577	0.814
1745T>G	1745	T>G	TRUE	TRUE	FALSE	FALSE	FALSE	TRUE	FALSE	VMR and strand r	Retained	< 10 cells at AF >= 0.05	FALSE	0			475	0.000293815190245336	4	0.00419541895767468	0.00139358494014438	0.00667017728629103	0.00106251359114335	0.408
1746A>C	1746	A>C	TRUE	TRUE	FALSE	FALSE	FALSE	TRUE	FALSE	VMR and strand r	Retained	< 10 cells at AF >= 0.05	FALSE	1	0.117647058823529	0.117647058823529	274	0.000249000630092727	2	0.00315091375145888	0.00306748466257669	0.00323434284034108	0.00148094945414097	0.163
1746A>G	1746	A>G	TRUE	TRUE	TRUE	FALSE	TRUE	TRUE	FALSE	Retained	Retained	< 10 cells at AF >= 0.05	FALSE	6	0.0741500293762263	0.152073732718894	1579	0.000796368559369276	111	0.00613199935452638	0.0011096834481953	0.152073732718894	0.0135295361202057	0.876
1746A>T	1746	A>T	TRUE	TRUE	FALSE	FALSE	FALSE	TRUE	FALSE	VMR only	Retained	< 10 cells at AF >= 0.05	FALSE	0			420	0.000360481196673476	10	0.00380834276965613	0.00104516610675625	0.0498261877172654	0.00477913416324546	0.741
1747G>A	1747	G>A	TRUE	TRUE	TRUE	FALSE	TRUE	TRUE	FALSE	Retained	Retained	< 10 cells at AF >= 0.05	FALSE	3	0.671717171717172	1	323	0.000401646751681896	15	0.0064034151547492	0.00134370975869212	1	1.64395984554773	0.99
1747G>T	1747	G>T	TRUE	TRUE	FALSE	FALSE	FALSE	TRUE	FALSE	VMR and strand r	Retained	< 10 cells at AF >= 0.05	FALSE	1	0.0666666666666667	0.0666666666666667	3218	0.00134599567042924	193	0.00185666542888971	0.000860052291179304	0.0476190476190476	0.00264167358965647	0.626
1748G>A	1748	G>A	TRUE	TRUE	TRUE	FALSE	TRUE	TRUE	FALSE	Retained	Retained	< 10 cells at AF >= 0.05	FALSE	3	0.369475545079552	0.997293640054127	259	0.000555247084952804	28	0.00573957817797588	0.00119164810113466	0.997293640054127	0.739387258321161	0.999
1748G>T	1748	G>T	TRUE	TRUE	FALSE	FALSE	FALSE	TRUE	FALSE	VMR and strand r	Retained	< 10 cells at AF >= 0.05	FALSE	0			1746	0.00066056816504935	0				0.00107270159860579	0.435
1749C>A	1749	C>A	TRUE	TRUE	FALSE	FALSE	FALSE	TRUE	FALSE	VMR and strand r	Retained	< 10 cells at AF >= 0.05	FALSE	0			2578	0.000931512833637783	12	0.00109226446232972	0.000852091173755592	0.0224215246636771	0.00139849248260339	0.643
1749C>G	1749	C>G	TRUE	TRUE	FALSE	FALSE	FALSE	TRUE	FALSE	strand r only	Retained	< 10 cells at AF >= 0.05	FALSE	3	0.0722543352601156	0.147727272727273	292	0.000728857485929618	64	0.00671159514763402	0.00135832654170063	0.147727272727273	0.0365990052928817	0.456
1749C>T	1749	C>T	TRUE	TRUE	TRUE	FALSE	TRUE	TRUE	FALSE	Retained	Retained	< 10 cells at AF >= 0.05	FALSE	7	0.0593103448275862	0.0833333333333333	1301	0.000693481276005548	97	0.00586057988895743	0.00102444538646319	0.0833333333333333	0.0140643753399757	0.916
1750G>A	1750	G>A	TRUE	TRUE	FALSE	FALSE	FALSE	TRUE	FALSE	VMR only	Retained	< 10 cells at AF >= 0.05	FALSE	1	0.0833333333333333	0.0833333333333333	481	0.000482625482625483	15	0.0054945054945055	0.00156	0.0319303338171263	0.00664849952353462	0.863
1750G>T	1750	G>T	TRUE	TRUE	FALSE	FALSE	FALSE	TRUE	FALSE	VMR and strand r	Retained	< 10 cells at AF >= 0.05	FALSE	0			1191	0.000459558823529412	0				0.00131216861736702	0.268
1751A>G	1751	A>G	TRUE	TRUE	FALSE	FALSE	FALSE	TRUE	FALSE	VMR only	Retained	< 10 cells at AF >= 0.05	FALSE	0			568	0.000413311517819287	7	0.00892857142857143	0.00445319859552967	0.0385356454720617	0.00573004509607435	0.834
1751A>T	1751	A>T	TRUE	TRUE	FALSE	FALSE	FALSE	TRUE	FALSE	VMR and strand r	Retained	< 10 cells at AF >= 0.05	FALSE	0			249	0.000241458408789086	3	0.0060456169277274	0.00272243534216062	0.0156351791530945	0.00198563259548082	0.395
1752T>C	1752	T>C	TRUE	TRUE	TRUE	FALSE	TRUE	TRUE	FALSE	Retained	Retained	< 10 cells at AF >= 0.05	FALSE	1	0.091115598182736	0.091115598182736	551	0.000403551251008878	11	0.0035677879714577	0.00145979937116335	0.091115598182736	0.0110810517927334	0.982
1752T>G	1752	T>G	TRUE	TRUE	FALSE	FALSE	FALSE	TRUE	FALSE	VMR and strand r	Retained	< 10 cells at AF >= 0.05	FALSE	0			2853	0.00102880658436214	25	0.00131496198044709	0.000786189823023653	0.0292887029288703	0.00145117787561025	0.267
1753A>G	1753	A>G	TRUE	TRUE	TRUE	FALSE	TRUE	TRUE	FALSE	Retained	Retained	< 10 cells at AF >= 0.05	FALSE	3	0.0897832817337461	0.113103448275862	1325	0.000631446011366028	50	0.00578579712727819	0.000893198928161286	0.113103448275862	0.0144422559802418	0.911
1753A>T	1753	A>T	TRUE	TRUE	FALSE	FALSE	FALSE	TRUE	FALSE	VMR and strand r	Retained	< 10 cells at AF >= 0.05	FALSE	0			201	0.000328461159467893	3	0.00327600327600328	0.00143170754987115	0.00911300121506683	0.00125518018315149	0.586
1754G>A	1754	G>A	TRUE	TRUE	TRUE	FALSE	TRUE	TRUE	FALSE	Retained	Retained	< 10 cells at AF >= 0.05	FALSE	4	0.064551993958078	0.0838150289017341	228	0.000925692505035437	55	0.0063953488372093	0.0009375244146983	0.0838150289017341	0.0279002666748751	0.957
1754G>C	1754	G>C	TRUE	FALSE	FALSE	FALSE	FALSE	FALSE	FALSE	VMR only	< 3 confident cells	< 3 confident cells	FALSE	0			36	0.000376579919746146	1	0.00116525423728814	0.00116525423728814	0.00116525423728814	0.00121696999865582	0.878
1754G>T	1754	G>T	TRUE	TRUE	FALSE	FALSE	FALSE	TRUE	FALSE	VMR and strand r	Retained	< 10 cells at AF >= 0.05	FALSE	0			1469	0.000562429696287964	5	0.00203603787030439	0.000943603937973768	0.00863131935881628	0.00126545203585325	0.283
1755A>G	1755	A>G	TRUE	TRUE	FALSE	FALSE	FALSE	TRUE	FALSE	VMR only	Retained	< 10 cells at AF >= 0.05	FALSE	0			937	0.000479904019196161	12	0.00780043095095336	0.00233315510620716	0.0335051546391753	0.00282035560946674	0.825
1755A>T	1755	A>T	TRUE	TRUE	FALSE	FALSE	FALSE	TRUE	FALSE	VMR and strand r	Retained	< 10 cells at AF >= 0.05	FALSE	0			313	0.000259717773352956	1	0.00412780920348571	0.00412780920348571	0.00412780920348571	0.00133534930402453	0.267
1756A>C	1756	A>C	TRUE	TRUE	FALSE	FALSE	FALSE	TRUE	FALSE	VMR and strand r	Retained	< 10 cells at AF >= 0.05	FALSE	1	0.0526315789473684	0.0526315789473684	2476	0.000843437015173774	3	0.000886316360676494	0.000806051587301587	0.00100535202105325	0.00108157070400323	0.256
1756A>G	1756	A>G	TRUE	TRUE	TRUE	FALSE	TRUE	TRUE	FALSE	Retained	Retained	< 10 cells at AF >= 0.05	FALSE	2	0.109986722481421	0.132295719844358	906	0.000470674594078123	17	0.00861041197509604	0.00176697956929873	0.132295719844358	0.0215990400173072	0.876
1756A>T	1756	A>T	TRUE	TRUE	FALSE	FALSE	FALSE	TRUE	FALSE	VMR and strand r	Retained	< 10 cells at AF >= 0.05	FALSE	0			405	0.00024375380865326	5	0.00519180847995385	0.00299160050627085	0.0308988764044944	0.00289870351974212	0.478
1757A>C	1757	A>C	TRUE	TRUE	FALSE	FALSE	FALSE	TRUE	FALSE	VMR and strand r	Retained	< 10 cells at AF >= 0.05	FALSE	0			887	0.000357079093019104	0				0.00117769610725923	0.1
1757A>G	1757	A>G	TRUE	TRUE	FALSE	FALSE	FALSE	TRUE	FALSE	VMR only	Retained	< 10 cells at AF >= 0.05	FALSE	1	0.0606060606060606	0.0606060606060606	729	0.000434656621269197	17	0.00752418487997134	0.00220390665096761	0.0325991189427313	0.00357356629859565	0.92
1757A>T	1757	A>T	TRUE	TRUE	FALSE	FALSE	FALSE	TRUE	FALSE	VMR only	Retained	< 10 cells at AF >= 0.05	FALSE	0			318	0.000286431709807392	6	0.006544891350877	0.00256864802286459	0.0154458226070676	0.0018071629941564	0.809
1758T>A	1758	T>A	TRUE	TRUE	FALSE	FALSE	FALSE	TRUE	FALSE	VMR and strand r	Retained	< 10 cells at AF >= 0.05	FALSE	1	0.0526315789473684	0.0526315789473684	1537	0.000564652738565782	9	0.00552231937413714	0.00156528144374194	0.0155555555555556	0.00143204541227886	0.294
1758T>C	1758	T>C	TRUE	TRUE	TRUE	FALSE	TRUE	TRUE	FALSE	Retained	Retained	< 10 cells at AF >= 0.05	FALSE	2	0.0565472233971841	0.0623481781376518	500	0.000457631663734285	17	0.00871692919406637	0.00162498871535614	0.0623481781376518	0.0140348875242959	0.919
1758T>G	1758	T>G	TRUE	TRUE	FALSE	FALSE	FALSE	TRUE	FALSE	VMR only	Retained	< 10 cells at AF >= 0.05	FALSE	0			810	0.000347705188073325	8	0.00393836801118531	0.0021161222060574	0.0368	0.00214364204234323	0.749
1759T>A	1759	T>A	TRUE	TRUE	FALSE	FALSE	FALSE	TRUE	FALSE	VMR and strand r	Retained	< 10 cells at AF >= 0.05	FALSE	0			1624	0.000567698030411727	2	0.00215046752584351	0.00144314758082892	0.00285778747085809	0.0012846376331545	0.366
1759T>C	1759	T>C	TRUE	TRUE	FALSE	FALSE	FALSE	TRUE	FALSE	VMR only	Retained	< 10 cells at AF >= 0.05	FALSE	2	0.0518343096929661	0.0535211267605634	817	0.000447293872073953	25	0.00606719188626279	0.00191340089292042	0.0535211267605634	0.00858593141063643	0.897
1759T>G	1759	T>G	TRUE	TRUE	FALSE	FALSE	FALSE	TRUE	FALSE	VMR and strand r	Retained	< 10 cells at AF >= 0.05	FALSE	0			110	0.000225390238274124	13	0.00586080586080586	0.00121145374449339	0.0402097902097902	0.00885973547628901	0.518
1760G>A	1760	G>A	TRUE	TRUE	TRUE	TRUE	TRUE	TRUE	TRUE	Retained	Retained	Retained	FALSE	11	0.0617647058823529	0.10989010989011	480	0.00164947565261401	165	0.00745077168706759	0.000861370085123632	0.10989010989011	0.0292989612911671	0.945
1760G>C	1760	G>C	TRUE	FALSE	FALSE	FALSE	FALSE	FALSE	FALSE	VMR only	< 3 confident cells	< 3 confident cells	FALSE	0			58	0.000231347909322056	2	0.00620546241588086	0.00474094141550965	0.00766998341625207	0.00231750899591101	0.683
1760G>T	1760	G>T	TRUE	TRUE	FALSE	FALSE	FALSE	TRUE	FALSE	VMR and strand r	Retained	< 10 cells at AF >= 0.05	FALSE	0			1608	0.000597215723276034	18	0.00703091139399515	0.001152179924417	0.0174471992653811	0.0025575802359444	0.179
1761A>C	1761	A>C	TRUE	FALSE	FALSE	FALSE	FALSE	FALSE	FALSE	VMR and strand r	< 3 confident cells	< 3 confident cells	FALSE	0			71	0.000258765687669815	1	0.00759589821496392	0.00759589821496392	0.00759589821496392	0.0018355361539463	0.171
1761A>G	1761	A>G	TRUE	TRUE	FALSE	FALSE	FALSE	TRUE	FALSE	VMR only	Retained	< 10 cells at AF >= 0.05	FALSE	0			1613	0.000656886358659952	32	0.0065730374543001	0.00136982392055021	0.0480769230769231	0.00448675363337235	0.812
1761A>T	1761	A>T	TRUE	TRUE	FALSE	FALSE	FALSE	TRUE	FALSE	VMR and strand r	Retained	< 10 cells at AF >= 0.05	FALSE	0			711	0.000363108206245461	2	0.00684351951062244	0.00539811066126856	0.00828892835997632	0.00146800131116985	0.311
1762A>C	1762	A>C	TRUE	FALSE	FALSE	FALSE	FALSE	FALSE	FALSE	VMR and strand r	< 3 confident cells	< 3 confident cells	FALSE	0			487	0.000249604792412014	0				0.00156721225730285	-0.158
1762A>G	1762	A>G	TRUE	TRUE	FALSE	FALSE	FALSE	TRUE	FALSE	VMR only	Retained	< 10 cells at AF >= 0.05	FALSE	0			1225	0.000536696632228633	11	0.00513186029935852	0.00143893992821113	0.0233918128654971	0.00215627287239192	0.82
1762A>T	1762	A>T	TRUE	TRUE	FALSE	FALSE	FALSE	TRUE	FALSE	VMR and strand r	Retained	< 10 cells at AF >= 0.05	FALSE	0			419	0.00027597626604112	3	0.00455062571103527	0.00386232941378422	0.012	0.00145667187052574	0.461
1763A>C	1763	A>C	TRUE	FALSE	FALSE	FALSE	FALSE	FALSE	FALSE	VMR and strand r	< 3 confident cells	< 3 confident cells	FALSE	0			363	0.0002616773518252	1	0.0024906600249066	0.0024906600249066	0.0024906600249066	0.00134404270057786	0.409
1763A>G	1763	A>G	TRUE	TRUE	FALSE	FALSE	FALSE	TRUE	FALSE	VMR only	Retained	< 10 cells at AF >= 0.05	FALSE	1	0.0829081632653061	0.0829081632653061	1166	0.000514337564697277	15	0.0047438330170778	0.000866937481422768	0.0829081632653061	0.00724021335228836	0.866
1763A>T	1763	A>T	TRUE	TRUE	FALSE	FALSE	FALSE	TRUE	FALSE	VMR only	Retained	< 10 cells at AF >= 0.05	FALSE	0			401	0.000264480296217932	7	0.0062817828297936	0.00208986415882968	0.0460829493087558	0.00450627991144561	0.692
1764C>A	1764	C>A	TRUE	TRUE	FALSE	FALSE	FALSE	TRUE	FALSE	VMR and strand r	Retained	< 10 cells at AF >= 0.05	FALSE	1	0.0625	0.0625	2010	0.000703812355452732	16	0.00599874094952174	0.00143068826324664	0.0177777777777778	0.00187350747372395	0.295
1764C>T	1764	C>T	TRUE	TRUE	TRUE	FALSE	TRUE	TRUE	FALSE	Retained	Retained	< 10 cells at AF >= 0.05	FALSE	2	0.0590090396656365	0.0600649350649351	347	0.000531632110579479	48	0.00557162034286217	0.00131158291663251	0.0600649350649351	0.022647246147826	0.93
1765C>A	1765	C>A	TRUE	TRUE	FALSE	FALSE	FALSE	TRUE	FALSE	VMR and strand r	Retained	< 10 cells at AF >= 0.05	FALSE	0			1958	0.000633727050269459	2	0.00777441081022376	0.00566251415628539	0.00988630746416214	0.00117213646375343	0.473
1765C>T	1765	C>T	TRUE	TRUE	TRUE	FALSE	TRUE	TRUE	FALSE	Retained	Retained	< 10 cells at AF >= 0.05	FALSE	2	0.0820180522331007	0.104651162790698	465	0.000432058759991359	37	0.00525660533960437	0.00107392780433728	0.104651162790698	0.0210674916743791	0.949
1766T>A	1766	T>A	TRUE	TRUE	FALSE	FALSE	FALSE	TRUE	FALSE	VMR and strand r	Retained	< 10 cells at AF >= 0.05	FALSE	4	0.0594117647058824	0.0869565217391304	2161	0.000760456273764259	37	0.00657894736842105	0.000939349344021041	0.0869565217391304	0.00386874005646591	0.194
1766T>C	1766	T>C	TRUE	TRUE	FALSE	FALSE	FALSE	TRUE	FALSE	VMR only	Retained	< 10 cells at AF >= 0.05	FALSE	2	0.0700420678525449	0.0809443507588533	1475	0.000616903146206046	26	0.00701968948315504	0.00148550022605438	0.0809443507588533	0.00757548915984073	0.896
1766T>G	1766	T>G	TRUE	TRUE	FALSE	FALSE	FALSE	TRUE	FALSE	VMR only	Retained	< 10 cells at AF >= 0.05	FALSE	0			590	0.000316819195998676	28	0.00503688987938421	0.0013823122849328	0.0283425754775108	0.00396755662585044	0.869
1767G>A	1767	G>A	TRUE	TRUE	TRUE	FALSE	TRUE	TRUE	FALSE	Retained	Retained	< 10 cells at AF >= 0.05	FALSE	5	0.144329896907216	0.99375	386	0.00038273468951408	22	0.00856736948074553	0.00164265264936406	0.99375	1.20243143160929	0.996
1767G>C	1767	G>C	TRUE	TRUE	FALSE	FALSE	FALSE	TRUE	FALSE	VMR and strand r	Retained	< 10 cells at AF >= 0.05	FALSE	0			115	0.00020253164556962	3	0.00425170068027211	0.00371481640234319	0.00445235975066785	0.00137635388122881	0.397
1767G>T	1767	G>T	TRUE	TRUE	FALSE	FALSE	FALSE	TRUE	FALSE	VMR and strand r	Retained	< 10 cells at AF >= 0.05	FALSE	0			1254	0.000447498260140622	1	0.0056601594085711	0.0056601594085711	0.0056601594085711	0.00115987499800885	0.279
1768G>A	1768	G>A	TRUE	TRUE	FALSE	FALSE	FALSE	TRUE	FALSE	VMR only	Retained	< 10 cells at AF >= 0.05	FALSE	0			508	0.000433576509264799	26	0.0058480555482127	0.00104663690934277	0.0203847258110824	0.00364101295311341	0.946
1768G>T	1768	G>T	TRUE	TRUE	FALSE	FALSE	FALSE	TRUE	FALSE	VMR and strand r	Retained	< 10 cells at AF >= 0.05	FALSE	0			1775	0.000573970440522313	3	0.00363570259952736	0.00126134440855253	0.00957995578481946	0.0011830423784086	0.482
1769C>A	1769	C>A	TRUE	TRUE	FALSE	FALSE	FALSE	TRUE	FALSE	VMR and strand r	Retained	< 10 cells at AF >= 0.05	FALSE	0			1784	0.000570776441658471	2	0.0177035687673218	0.0138036809815951	0.0216034565530485	0.00138885615635385	0.482
1769C>G	1769	C>G	TRUE	TRUE	FALSE	FALSE	FALSE	TRUE	FALSE	strand r only	Retained	< 10 cells at AF >= 0.05	FALSE	1	0.0688806888068881	0.0688806888068881	235	0.000385208012326656	17	0.00563758389261745	0.00150475502588179	0.0688806888068881	0.0134338818147107	0.346
1769C>T	1769	C>T	TRUE	TRUE	FALSE	FALSE	FALSE	TRUE	FALSE	VMR only	Retained	< 10 cells at AF >= 0.05	FALSE	2	0.0710832986961006	0.0903954802259887	2980	0.00114263953867914	194	0.00354432504566774	0.000863658644756191	0.0903954802259887	0.00330543709147416	0.928
1770G>A	1770	G>A	TRUE	TRUE	FALSE	FALSE	FALSE	TRUE	FALSE	VMR only	Retained	< 10 cells at AF >= 0.05	FALSE	4	0.0715485074626866	0.185393258426966	2516	0.000913868375393828	85	0.00337593441041717	0.000692153628652215	0.185393258426966	0.00425181754912448	0.921
1770G>T	1770	G>T	TRUE	TRUE	FALSE	FALSE	FALSE	TRUE	FALSE	VMR and strand r	Retained	< 10 cells at AF >= 0.05	FALSE	0			2679	0.000832755031228314	3	0.00114267058439438	0.000875718917895434	0.00144828111898773	0.00107343313745853	0.4
1771C>A	1771	C>A	TRUE	TRUE	FALSE	FALSE	FALSE	TRUE	FALSE	VMR only	Retained	< 10 cells at AF >= 0.05	FALSE	0			1949	0.000612119975515201	45	0.00362756952841596	0.00103151862464183	0.0293577981651376	0.00235414250880935	0.689
1771C>T	1771	C>T	TRUE	TRUE	FALSE	FALSE	FALSE	TRUE	FALSE	VMR only	Retained	< 10 cells at AF >= 0.05	FALSE	0			323	0.000361271676300578	7	0.00391275391275391	0.00194446132344899	0.0126111225966508	0.00254481737465582	0.873
1772A>G	1772	A>G	TRUE	TRUE	FALSE	FALSE	FALSE	TRUE	FALSE	VMR only	Retained	< 10 cells at AF >= 0.05	FALSE	1	0.0760135135135135	0.0760135135135135	1086	0.000471176302790211	26	0.00376772433849203	0.000870046666139366	0.0760135135135135	0.00627862592191373	0.85
1772A>T	1772	A>T	TRUE	TRUE	FALSE	FALSE	FALSE	TRUE	FALSE	VMR and strand r	Retained	< 10 cells at AF >= 0.05	FALSE	0			617	0.00029708853238265	2	0.00335007200851812	0.00214723926380368	0.00455290475323256	0.00104485787470588	0.086
1773A>C	1773	A>C	TRUE	TRUE	FALSE	FALSE	FALSE	TRUE	FALSE	VMR and strand r	Retained	< 10 cells at AF >= 0.05	FALSE	2	0.0596491228070175	0.0666666666666667	5903	0.00380408939610081	2438	0.00402561573640444	0.00191813403920666	0.0179028132992327	0.00102695016425169	0.4
1773A>G	1773	A>G	TRUE	TRUE	FALSE	FALSE	FALSE	TRUE	FALSE	VMR only	Retained	< 10 cells at AF >= 0.05	FALSE	0			842	0.000421274733418946	15	0.0102249488752556	0.00310724862844104	0.0407070166041778	0.00423502364638967	0.935
1773A>T	1773	A>T	TRUE	FALSE	FALSE	FALSE	FALSE	FALSE	FALSE	VMR only	< 3 confident cells	< 3 confident cells	FALSE	0			201	0.000241138172172655	2	0.00871624441084658	0.00228618933804427	0.0151462994836489	0.00165987028602628	0.715
1774T>A	1774	T>A	TRUE	TRUE	FALSE	FALSE	FALSE	TRUE	FALSE	VMR and strand r	Retained	< 10 cells at AF >= 0.05	FALSE	0			1205	0.000425200198426759	5	0.00260938163723527	0.0014662358467512	0.00433825840930525	0.00143556106104934	0.428
1774T>C	1774	T>C	TRUE	TRUE	TRUE	FALSE	TRUE	TRUE	FALSE	Retained	Retained	< 10 cells at AF >= 0.05	FALSE	1	0.990640224020868	0.990640224020868	503	0.000417449384262158	15	0.0065359477124183	0.00110564642189942	0.990640224020868	0.120995666892708	1
1774T>G	1774	T>G	TRUE	TRUE	FALSE	FALSE	FALSE	TRUE	FALSE	VMR only	Retained	< 10 cells at AF >= 0.05	FALSE	0			3586	0.00120772946859903	127	0.00133891690168931	0.000763292816406475	0.0125523012552301	0.00110918406721165	0.661
1775A>C	1775	A>C	TRUE	TRUE	FALSE	FALSE	FALSE	TRUE	FALSE	VMR and strand r	Retained	< 10 cells at AF >= 0.05	FALSE	0			2598	0.000795081100505862	2	0.00088108109047783	0.00085092718953199	0.000911234991423671	0.000945947235602625	0.209
1775A>G	1775	A>G	TRUE	TRUE	FALSE	FALSE	FALSE	TRUE	FALSE	VMR only	Retained	< 10 cells at AF >= 0.05	FALSE	0			1559	0.000601865783930184	30	0.00596795494754678	0.000930823892660113	0.0326996197718631	0.00341853914727386	0.734
1775A>T	1775	A>T	TRUE	TRUE	FALSE	FALSE	FALSE	TRUE	FALSE	VMR and strand r	Retained	< 10 cells at AF >= 0.05	FALSE	0			410	0.000257130003594277	2	0.0106658928045902	0.00661278471711977	0.0147190008920607	0.00141497695324884	0.275
1776G>A	1776	G>A	TRUE	TRUE	TRUE	FALSE	TRUE	TRUE	FALSE	Retained	Retained	< 10 cells at AF >= 0.05	FALSE	2	0.728559133252329	0.998784933171324	196	0.000415235711133179	8	0.00712122434313287	0.00212683681361176	0.998784933171324	2.25225750360961	0.998
1776G>C	1776	G>C	TRUE	FALSE	FALSE	FALSE	FALSE	FALSE	FALSE	VMR and strand r	< 3 confident cells	< 3 confident cells	FALSE	0			54	0.000270442404959752	1	0.00710364869228285	0.00710364869228285	0.00710364869228285	0.00138626681231483	0.484
1776G>T	1776	G>T	TRUE	TRUE	FALSE	FALSE	FALSE	TRUE	FALSE	VMR and strand r	Retained	< 10 cells at AF >= 0.05	FALSE	0			1881	0.000576451938319643	9	0.0138640429338104	0.002267072159248	0.0188429752066116	0.00157376656996487	0.525
1777A>C	1777	A>C	TRUE	FALSE	FALSE	FALSE	FALSE	FALSE	FALSE	VMR only	< 3 confident cells	< 3 confident cells	FALSE	0			176	0.000217333325177676	1	0.00319380892423917	0.00319380892423917	0.00319380892423917	0.000829630290750876	0.891
1777A>G	1777	A>G	TRUE	TRUE	TRUE	FALSE	TRUE	TRUE	FALSE	Retained	Retained	< 10 cells at AF >= 0.05	FALSE	2	0.264186002414298	0.449668301124892	1353	0.00050709939148073	18	0.00380336173920331	0.0013496348046999	0.449668301124892	0.103046930346268	0.997
1777A>T	1777	A>T	TRUE	TRUE	TRUE	FALSE	TRUE	TRUE	FALSE	Retained	Retained	< 10 cells at AF >= 0.05	FALSE	2	0.214485948559815	0.315789473684211	417	0.000234164617726262	4	0.0597196622145813	0.00548765278124221	0.315789473684211	0.176904224299749	0.767
1778T>A	1778	T>A	TRUE	FALSE	FALSE	FALSE	FALSE	FALSE	FALSE	VMR and strand r	< 3 confident cells	< 3 confident cells	FALSE	0			460	0.000250564950053419	0				0.00127677887090554	0.109
1778T>C	1778	T>C	TRUE	TRUE	TRUE	FALSE	TRUE	TRUE	FALSE	Retained	Retained	< 10 cells at AF >= 0.05	FALSE	4	0.116641240783117	0.200133645172068	781	0.000418366279677858	24	0.00710627919036829	0.00141190914671578	0.200133645172068	0.0547091712530729	0.988
1778T>G	1778	T>G	TRUE	TRUE	FALSE	FALSE	FALSE	TRUE	FALSE	VMR only	Retained	< 10 cells at AF >= 0.05	FALSE	1	0.0706033376123235	0.0706033376123235	2325	0.000691187361145396	30	0.00505983109560244	0.00104197677880322	0.0706033376123235	0.00338295318906264	0.659
1779A>C	1779	A>C	TRUE	TRUE	FALSE	FALSE	FALSE	TRUE	FALSE	VMR and strand r	Retained	< 10 cells at AF >= 0.05	FALSE	0			2840	0.000880733949698424	16	0.00101532049407576	0.000791984381331271	0.00337593441041717	0.000972803407443237	0.303
1779A>G	1779	A>G	TRUE	TRUE	FALSE	FALSE	FALSE	TRUE	FALSE	VMR only	Retained	< 10 cells at AF >= 0.05	FALSE	0			1146	0.000501609478056079	34	0.00603782989519874	0.000831650231673993	0.0294009555310548	0.00371041784805663	0.911
1779A>T	1779	A>T	TRUE	FALSE	FALSE	FALSE	FALSE	FALSE	FALSE	strand r only	< 3 confident cells	< 3 confident cells	FALSE	1	0.0796586059743954	0.0796586059743954	414	0.000242982577635968	2	0.0504975799598225	0.0213365539452496	0.0796586059743954	0.0124214095001459	0.509
1780T>C	1780	T>C	TRUE	FALSE	FALSE	FALSE	FALSE	FALSE	FALSE	VMR and strand r	< 3 confident cells	< 3 confident cells	FALSE	0			247	0.000281452293836195	13	0.00261694471704285	0.00141882305249645	0.0230263157894737	0.00306059933386007	-0.023
1780T>G	1780	T>G	TRUE	FALSE	FALSE	FALSE	FALSE	FALSE	FALSE	VMR and strand r	< 3 confident cells	< 3 confident cells	FALSE	1	0.0555555555555556	0.0555555555555556	1184	0.000417632441870176	1	0.00179107622609703	0.00179107622609703	0.00179107622609703	0.000908472032606019	0.109
1781A>G	1781	A>G	TRUE	TRUE	FALSE	FALSE	FALSE	TRUE	FALSE	strand r only	Retained	< 10 cells at AF >= 0.05	FALSE	2	0.0862649527321093	0.0862944162436548	933	0.000398134455693323	37	0.0059142434696895	0.00146706818006332	0.0862944162436548	0.0119216519147251	0.046
1781A>T	1781	A>T	TRUE	FALSE	FALSE	FALSE	FALSE	FALSE	FALSE	VMR and strand r	< 3 confident cells	< 3 confident cells	FALSE	0			249	0.000200310481245931	1	0.00350789275870709	0.00350789275870709	0.00350789275870709	0.000838868135867179	0.168
1782G>A	1782	G>A	TRUE	TRUE	FALSE	FALSE	FALSE	TRUE	FALSE	strand r only	Retained	< 10 cells at AF >= 0.05	FALSE	3	0.0902255639097744	0.233236151603499	98	0.000830316728434901	11	0.0157575757575758	0.00283419933868682	0.233236151603499	0.114673288899371	0.157
1782G>T	1782	G>T	TRUE	TRUE	FALSE	FALSE	FALSE	TRUE	FALSE	VMR and strand r	Retained	< 10 cells at AF >= 0.05	FALSE	0			889	0.000703729767769177	0				0.00203273916046006	0.052
1783T>C	1783	T>C	TRUE	TRUE	FALSE	FALSE	FALSE	TRUE	FALSE	strand r only	Retained	< 10 cells at AF >= 0.05	FALSE	1	0.0691489361702128	0.0691489361702128	262	0.000590667454223272	42	0.00950046644889424	0.00122934697088906	0.0691489361702128	0.0101969102293787	0.18
1783T>G	1783	T>G	TRUE	TRUE	FALSE	FALSE	FALSE	TRUE	FALSE	strand r only	Retained	< 10 cells at AF >= 0.05	FALSE	3	0.16504854368932	0.714924039320822	367	0.000493096646942801	20	0.00912995577968043	0.0028118609406953	0.714924039320822	0.263224325484483	0.553
1784A>G	1784	A>G	TRUE	FALSE	FALSE	FALSE	FALSE	FALSE	FALSE	VMR and strand r	< 3 confident cells	< 3 confident cells	FALSE	0			336	0.00044578983625669	4	0.00239975139266148	0.00209100033456005	0.0128755364806867	0.00252215022781427	-0.073
1785C>A	1785	C>A	TRUE	TRUE	FALSE	FALSE	FALSE	TRUE	FALSE	VMR and strand r	Retained	< 10 cells at AF >= 0.05	FALSE	0			641	0.000611620795107034	0				0.00205202024707784	-0.13
1786C>A	1786	C>A	TRUE	TRUE	FALSE	FALSE	FALSE	TRUE	FALSE	VMR and strand r	Retained	< 10 cells at AF >= 0.05	FALSE	1	0.0909090909090909	0.0909090909090909	1134	0.000804020132987354	0				0.00202022946531206	0.127
1786C>T	1786	C>T	TRUE	TRUE	FALSE	FALSE	FALSE	TRUE	FALSE	strand r only	Retained	< 10 cells at AF >= 0.05	FALSE	1	0.0812641083521445	0.0812641083521445	168	0.000505209051141091	8	0.00747876833633079	0.00206019347903977	0.0812641083521445	0.0125862604787972	0.468
1787G>A	1787	G>A	TRUE	TRUE	TRUE	FALSE	TRUE	TRUE	FALSE	Retained	Retained	< 10 cells at AF >= 0.05	FALSE	6	0.148430688753269	0.287521968365554	1647	0.00118203309692671	44	0.00787169984929345	0.00124681801652034	0.287521968365554	0.0269235598429955	0.926
1787G>T	1787	G>T	TRUE	TRUE	FALSE	FALSE	FALSE	TRUE	FALSE	VMR and strand r	Retained	< 10 cells at AF >= 0.05	FALSE	1	0.0833333333333333	0.0833333333333333	3121	0.00210415570752236	192	0.00213488913529582	0.00123242395384012	0.00929614873837981	0.00215627783830489	0.236
1788C>A	1788	C>A	TRUE	TRUE	FALSE	FALSE	FALSE	TRUE	FALSE	VMR and strand r	Retained	< 10 cells at AF >= 0.05	FALSE	1	0.0769230769230769	0.0769230769230769	1568	0.00104812686573723	2	0.00204897735786228	0.0019293845263361	0.00216857018938846	0.00241880666510158	0.167
1789A>G	1789	A>G	TRUE	TRUE	FALSE	FALSE	FALSE	TRUE	FALSE	VMR and strand r	Retained	< 10 cells at AF >= 0.05	FALSE	0			494	0.000585437502393803	10	0.00589895588364898	0.00189250567751703	0.0208	0.00330190648182351	0.043
1790A>C	1790	A>C	TRUE	TRUE	FALSE	FALSE	FALSE	TRUE	FALSE	VMR and strand r	Retained	< 10 cells at AF >= 0.05	FALSE	0			560	0.000547795289005527	2	0.009539471484085	0.00934065934065934	0.00973828362751065	0.00209669313636582	-0.066
1790A>G	1790	A>G	TRUE	TRUE	FALSE	FALSE	FALSE	TRUE	FALSE	VMR and strand r	Retained	< 10 cells at AF >= 0.05	FALSE	1	0.0609480812641084	0.0609480812641084	932	0.000828330587097529	35	0.00962695547533093	0.00131808846519327	0.0609480812641084	0.00560786206739448	0.214
1791G>A	1791	G>A	TRUE	TRUE	FALSE	FALSE	FALSE	TRUE	FALSE	strand r only	Retained	< 10 cells at AF >= 0.05	FALSE	6	0.136283068783069	0.98	217	0.0029382957884427	84	0.00755954754762436	0.00139787522965093	0.98	0.606859861828993	0.046
1791G>T	1791	G>T	TRUE	TRUE	FALSE	FALSE	FALSE	TRUE	FALSE	VMR and strand r	Retained	< 10 cells at AF >= 0.05	FALSE	1	0.05	0.05	2153	0.00136345929100117	13	0.0022657387926849	0.000948737566947207	0.0204081632653061	0.00237440523996057	0.17
1792G>A	1792	G>A	TRUE	TRUE	TRUE	FALSE	TRUE	TRUE	FALSE	Retained	Retained	< 10 cells at AF >= 0.05	FALSE	3	0.996988707653701	0.998765432098766	98	0.000743779393788717	18	0.00806725044525077	0.00186719570544988	0.998765432098766	0.562476547081371	0.995
1792G>T	1792	G>T	TRUE	TRUE	FALSE	FALSE	FALSE	TRUE	FALSE	VMR and strand r	Retained	< 10 cells at AF >= 0.05	FALSE	2	0.0871212121212121	0.0909090909090909	4563	0.00374812593703148	1067	0.00390930414386239	0.00197572678521027	0.0241545893719807	0.00217938961685859	0.289
1793G>A	1793	G>A	TRUE	TRUE	FALSE	FALSE	FALSE	TRUE	FALSE	strand r only	Retained	< 10 cells at AF >= 0.05	FALSE	9	0.061576354679803	0.128851540616246	307	0.00290697674418605	127	0.00812407680945347	0.00135448916408669	0.128851540616246	0.0296414801524816	0.045
1793G>T	1793	G>T	TRUE	TRUE	FALSE	FALSE	FALSE	TRUE	FALSE	VMR and strand r	Retained	< 10 cells at AF >= 0.05	FALSE	0			2578	0.00162959351381151	66	0.00170017731089626	0.00108883382143125	0.00503074343208496	0.00202595288882593	0.138
1794A>G	1794	A>G	TRUE	TRUE	FALSE	FALSE	FALSE	TRUE	FALSE	strand r only	Retained	< 10 cells at AF >= 0.05	FALSE	2	0.106181561864796	0.116336633663366	496	0.000576912094301977	16	0.0120236033693598	0.00227557173739902	0.116336633663366	0.0169623968741246	0.083
1795A>G	1795	A>G	TRUE	TRUE	TRUE	FALSE	TRUE	TRUE	FALSE	Retained	Retained	< 10 cells at AF >= 0.05	FALSE	2	0.530546072035035	0.995223880597015	533	0.00056792367105861	20	0.00577680769103638	0.00232318017552917	0.995223880597015	0.372706793072334	0.984
1796A>C	1796	A>C	TRUE	FALSE	FALSE	FALSE	FALSE	FALSE	FALSE	VMR and strand r	< 3 confident cells	< 3 confident cells	FALSE	0			108	0.000350851650246791	3	0.00451127819548872	0.00401174168297456	0.0214541120381406	0.00272686013867051	0.121
1796A>G	1796	A>G	TRUE	TRUE	FALSE	FALSE	FALSE	TRUE	FALSE	VMR and strand r	Retained	< 10 cells at AF >= 0.05	FALSE	0			770	0.000657138606693421	18	0.00785738011279949	0.00148665725117074	0.0392156862745098	0.00438102940458423	0.078
1796A>T	1796	A>T	TRUE	TRUE	FALSE	FALSE	FALSE	TRUE	FALSE	VMR and strand r	Retained	< 10 cells at AF >= 0.05	FALSE	2	0.066158193100735	0.0753768844221106	547	0.000532434111278729	7	0.0126156433978133	0.00428295109146173	0.0753768844221106	0.00817029765003405	0.01
1797G>A	1797	G>A	TRUE	FALSE	FALSE	FALSE	FALSE	FALSE	FALSE	strand r only	< 3 confident cells	< 3 confident cells	FALSE	2	0.125313973918309	0.188328912466844	80	0.00100092362159734	10	0.00586854837607278	0.00218173884586015	0.188328912466844	0.0794106023735539	0.426
1797G>T	1797	G>T	TRUE	FALSE	FALSE	FALSE	FALSE	FALSE	FALSE	VMR and strand r	< 3 confident cells	< 3 confident cells	FALSE	0			1446	0.000890075656430797	1	0.00223356732610083	0.00223356732610083	0.00223356732610083	0.00188337109662734	0.133
1798A>G	1798	A>G	TRUE	TRUE	FALSE	FALSE	FALSE	TRUE	FALSE	VMR and strand r	Retained	< 10 cells at AF >= 0.05	FALSE	0			413	0.000495662949194548	9	0.00914733747141457	0.00138998459746797	0.0255220417633411	0.00285340757720115	0.034
1798A>T	1798	A>T	TRUE	FALSE	FALSE	FALSE	FALSE	FALSE	FALSE	VMR and strand r	< 3 confident cells	< 3 confident cells	FALSE	0			246	0.000356323940550464	3	0.00364797081623347	0.00341936907125524	0.024217961654894	0.00278270217356295	-0.142
1799T>C	1799	T>C	TRUE	FALSE	FALSE	FALSE	FALSE	FALSE	FALSE	VMR and strand r	< 3 confident cells	< 3 confident cells	FALSE	2	0.0630229244916462	0.0689029918404352	366	0.000525389042632862	16	0.0100940631605401	0.00160078808028568	0.0689029918404352	0.00937891544504461	0.299
1800G>A	1800	G>A	TRUE	TRUE	FALSE	FALSE	FALSE	TRUE	FALSE	strand r only	Retained	< 10 cells at AF >= 0.05	FALSE	2	0.0596117630015935	0.0683760683760684	151	0.000693481276005548	18	0.0112921509029144	0.00217606330365974	0.0683760683760684	0.0154497791154157	0.092
1800G>T	1800	G>T	TRUE	TRUE	FALSE	FALSE	FALSE	TRUE	FALSE	VMR and strand r	Retained	< 10 cells at AF >= 0.05	FALSE	1	0.0526315789473684	0.0526315789473684	1954	0.0011205557959618	6	0.00113497065074205	0.000941431546515277	0.0109375	0.00206100986821935	0.159
1801A>G	1801	A>G	TRUE	TRUE	FALSE	TRUE	FALSE	TRUE	TRUE	strand r only	Retained	Retained	FALSE	19	0.0669818754925138	0.209090909090909	944	0.0015184259247162	285	0.00728597449908925	0.00105954651409197	0.209090909090909	0.0305519567155211	0.234
1801A>T	1801	A>T	TRUE	FALSE	FALSE	FALSE	FALSE	FALSE	FALSE	VMR and strand r	< 3 confident cells	< 3 confident cells	FALSE	0			334	0.000434466474386104	2	0.0162635047636059	0.00343053173241852	0.0290964777947933	0.00281497242534557	-0.127
1802A>G	1802	A>G	TRUE	TRUE	FALSE	FALSE	FALSE	TRUE	FALSE	VMR and strand r	Retained	< 10 cells at AF >= 0.05	FALSE	2	0.0663157894736842	0.08	557	0.000575539568345324	38	0.00825926071947716	0.00167011293144584	0.08	0.00878004630116723	0.07
1802A>T	1802	A>T	TRUE	FALSE	FALSE	FALSE	FALSE	FALSE	FALSE	VMR and strand r	< 3 confident cells	< 3 confident cells	FALSE	0			504	0.000481952896362707	1	0.00473405736563631	0.00473405736563631	0.00473405736563631	0.00193503271234207	0.036
1803A>G	1803	A>G	TRUE	FALSE	FALSE	FALSE	FALSE	FALSE	FALSE	VMR and strand r	< 3 confident cells	< 3 confident cells	FALSE	1	0.0557184750733138	0.0557184750733138	338	0.000467215465672269	10	0.00879625225883226	0.00237177586718055	0.0557184750733138	0.00536037422764277	0.17
1804A>G	1804	A>G	TRUE	TRUE	FALSE	FALSE	FALSE	TRUE	FALSE	VMR and strand r	Retained	< 10 cells at AF >= 0.05	FALSE	0			259	0.000485162125010108	14	0.00822561015276859	0.00138732658417698	0.032934131736527	0.00503467281361258	0.084
1804A>T	1804	A>T	TRUE	FALSE	FALSE	FALSE	FALSE	FALSE	FALSE	VMR and strand r	< 3 confident cells	< 3 confident cells	FALSE	0			659	0.000518833661927986	0				0.00179701126403418	-0.047
1805A>G	1805	A>G	TRUE	TRUE	FALSE	FALSE	FALSE	TRUE	FALSE	VMR and strand r	Retained	< 10 cells at AF >= 0.05	FALSE	0			262	0.000428547193334975	14	0.00583868292079719	0.0024869109947644	0.0390243902439024	0.00382772122689478	0.138
1805A>T	1805	A>T	TRUE	FALSE	FALSE	FALSE	FALSE	FALSE	FALSE	VMR and strand r	< 3 confident cells	< 3 confident cells	FALSE	1	0.0952380952380952	0.0952380952380952	524	0.000484363316045871	6	0.00753418135616677	0.00160024778030147	0.0260115606936416	0.00266474967887172	-0.054
1806T>A	1806	T>A	TRUE	TRUE	FALSE	FALSE	FALSE	TRUE	FALSE	strand r only	Retained	< 10 cells at AF >= 0.05	FALSE	1	0.114864864864865	0.114864864864865	296	0.000514155262729374	16	0.00637233750441298	0.0016483174721652	0.114864864864865	0.0157045419072552	0.007
1807T>A	1807	T>A	TRUE	TRUE	FALSE	FALSE	FALSE	TRUE	FALSE	strand r only	Retained	< 10 cells at AF >= 0.05	FALSE	1	0.114864864864865	0.114864864864865	169	0.000384689363339104	18	0.0072449148708329	0.00157441746553775	0.114864864864865	0.0241722755083686	0.188
1807T>C	1807	T>C	TRUE	TRUE	FALSE	FALSE	FALSE	TRUE	FALSE	VMR and strand r	Retained	< 10 cells at AF >= 0.05	FALSE	1	0.0524193548387097	0.0524193548387097	180	0.000578945592051679	21	0.00829875518672199	0.00124106646124877	0.0524193548387097	0.00997954498394797	0.021
1808A>G	1808	A>G	TRUE	TRUE	FALSE	FALSE	FALSE	TRUE	FALSE	strand r only	Retained	< 10 cells at AF >= 0.05	FALSE	2	0.0752800079294281	0.0979284369114878	675	0.000606520090978014	29	0.00574529205234599	0.00118973968495693	0.0979284369114878	0.0107848946379619	0.176
1809T>C	1809	T>C	TRUE	TRUE	FALSE	FALSE	FALSE	TRUE	FALSE	VMR and strand r	Retained	< 10 cells at AF >= 0.05	FALSE	0			188	0.000411159235075278	12	0.00461217487079556	0.00113899270332799	0.0211267605633803	0.00358904631748286	0.283
1810A>G	1810	A>G	TRUE	TRUE	FALSE	FALSE	FALSE	TRUE	FALSE	VMR and strand r	Retained	< 10 cells at AF >= 0.05	FALSE	0			391	0.000523423187647213	22	0.00542183572607271	0.00146434324205594	0.045360824742268	0.00602530935143073	0.007
1811A>G	1811	A>G	TRUE	FALSE	FALSE	FALSE	FALSE	FALSE	FALSE	VMR and strand r	< 3 confident cells	< 3 confident cells	FALSE	2	0.0885852090032154	0.1	449	0.000481231953801732	9	0.00625533124822292	0.00149232518476407	0.0771704180064309	0.00752925988461694	-0.035
1811A>T	1811	A>T	TRUE	TRUE	FALSE	FALSE	FALSE	TRUE	FALSE	VMR and strand r	Retained	< 10 cells at AF >= 0.05	FALSE	1	0.0565302144249513	0.0565302144249513	307	0.000401176785236694	15	0.00884086444007859	0.00158208591943532	0.0565302144249513	0.00833634653448632	0.012
1812C>A	1812	C>A	TRUE	TRUE	FALSE	FALSE	FALSE	TRUE	FALSE	VMR and strand r	Retained	< 10 cells at AF >= 0.05	FALSE	2	0.120699223085461	0.147058823529412	1476	0.000945581771297161	13	0.0066949341664807	0.00133494639355888	0.147058823529412	0.00257455249084838	0.194
1812C>T	1812	C>T	TRUE	TRUE	FALSE	FALSE	FALSE	TRUE	FALSE	strand r only	Retained	< 10 cells at AF >= 0.05	FALSE	4	0.0717088055797733	0.0906200317965024	158	0.00150153934137872	41	0.00435865504358655	0.00124677915385255	0.0906200317965024	0.0280892484260345	0.091
1813C>A	1813	C>A	TRUE	TRUE	FALSE	FALSE	FALSE	TRUE	FALSE	VMR and strand r	Retained	< 10 cells at AF >= 0.05	FALSE	0			1053	0.000660865734111686	2	0.0179780191729567	0.00193634273266368	0.0340196956132498	0.00219072640872305	0.158
1814A>G	1814	A>G	TRUE	TRUE	FALSE	FALSE	FALSE	TRUE	FALSE	VMR and strand r	Retained	< 10 cells at AF >= 0.05	FALSE	1	0.0567514677103718	0.0567514677103718	242	0.000489936684889919	23	0.00832860117357562	0.00163438256658596	0.0567514677103718	0.0076866146835421	-0.008
1815A>G	1815	A>G	TRUE	TRUE	FALSE	FALSE	FALSE	TRUE	FALSE	strand r only	Retained	< 10 cells at AF >= 0.05	FALSE	2	0.0702411399342346	0.0714285714285714	335	0.000422654268808115	15	0.00863636363636364	0.00130425005621767	0.0714285714285714	0.0139027199911182	0.164
1816G>A	1816	G>A	TRUE	TRUE	FALSE	FALSE	FALSE	TRUE	FALSE	VMR and strand r	Retained	< 10 cells at AF >= 0.05	FALSE	1	0.0895522388059701	0.0895522388059701	502	0.000571674146553492	9	0.0090049527239982	0.00383648630771266	0.0895522388059701	0.00838266337908114	0.192
1816G>T	1816	G>T	TRUE	TRUE	FALSE	FALSE	FALSE	TRUE	FALSE	VMR and strand r	Retained	< 10 cells at AF >= 0.05	FALSE	0			3091	0.00179425837320574	149	0.00179890780597494	0.00107908660540239	0.00896860986547085	0.00176691891883608	0.389
1817C>A	1817	C>A	TRUE	TRUE	FALSE	FALSE	FALSE	TRUE	FALSE	VMR and strand r	Retained	< 10 cells at AF >= 0.05	FALSE	0			1349	0.000799360511590727	0				0.00183343982734205	0.231
1817C>T	1817	C>T	TRUE	TRUE	FALSE	FALSE	FALSE	TRUE	FALSE	VMR and strand r	Retained	< 10 cells at AF >= 0.05	FALSE	1	0.0740740740740741	0.0740740740740741	875	0.000688231245698555	27	0.00520340586565752	0.00119964933327181	0.0740740740740741	0.00533457974403637	0.156
1818A>G	1818	A>G	TRUE	FALSE	FALSE	FALSE	FALSE	FALSE	FALSE	VMR and strand r	< 3 confident cells	< 3 confident cells	FALSE	0			483	0.000456954852860537	16	0.00705126753224171	0.00117411085563329	0.0244731475186948	0.0027425126233025	0.073
1819T>G	1819	T>G	TRUE	FALSE	FALSE	FALSE	FALSE	FALSE	FALSE	VMR and strand r	< 3 confident cells	< 3 confident cells	FALSE	0			932	0.000592066334487371	2	0.00966821601873617	0.0025766555011595	0.0167597765363129	0.0019041618016679	-0.031
1820A>G	1820	A>G	TRUE	TRUE	FALSE	FALSE	FALSE	TRUE	FALSE	strand r only	Retained	< 10 cells at AF >= 0.05	FALSE	4	0.0746314496314496	0.0939759036144578	550	0.000541737325753103	33	0.00610583446404342	0.00105548323540794	0.0939759036144578	0.015544512260312	0.029
1821A>G	1821	A>G	TRUE	FALSE	FALSE	FALSE	FALSE	FALSE	FALSE	strand r only	< 3 confident cells	< 3 confident cells	FALSE	1	0.148809523809524	0.148809523809524	462	0.000480596112408792	21	0.00750375187593797	0.001472844430807	0.148809523809524	0.0184032108234975	-0.007
1822T>C	1822	T>C	TRUE	FALSE	FALSE	FALSE	FALSE	FALSE	FALSE	strand r only	< 3 confident cells	< 3 confident cells	FALSE	2	0.0926954732510288	0.102057613168724	200	0.000490970418841437	22	0.0086648983990597	0.00151036660716738	0.102057613168724	0.0214173172562604	0.248
1823A>G	1823	A>G	TRUE	FALSE	FALSE	FALSE	FALSE	FALSE	FALSE	VMR and strand r	< 3 confident cells	< 3 confident cells	FALSE	0			272	0.000420459752309496	11	0.00399508297480025	0.00124437287267138	0.0292397660818713	0.00312142890312011	0.06
1825A>G	1825	A>G	TRUE	TRUE	FALSE	FALSE	FALSE	TRUE	FALSE	strand r only	Retained	< 10 cells at AF >= 0.05	FALSE	6	0.0927678930056341	0.104982206405694	563	0.000623570983163584	46	0.00826274356257913	0.00137211855104281	0.104982206405694	0.0224005148943104	0.076
1825A>T	1825	A>T	TRUE	FALSE	FALSE	FALSE	FALSE	FALSE	FALSE	VMR and strand r	< 3 confident cells	< 3 confident cells	FALSE	0			134	0.000338926350227455	5	0.00340328984685196	0.00201988812927284	0.0130841121495327	0.00208634253459596	0.028
1826G>T	1826	G>T	TRUE	TRUE	FALSE	FALSE	FALSE	TRUE	FALSE	VMR and strand r	Retained	< 10 cells at AF >= 0.05	FALSE	3	0.0769230769230769	0.147058823529412	1994	0.00119724644069133	16	0.00592181786783383	0.00100911355680994	0.147058823529412	0.00250138532642077	0.232
1827C>A	1827	C>A	TRUE	TRUE	FALSE	FALSE	FALSE	TRUE	FALSE	VMR and strand r	Retained	< 10 cells at AF >= 0.05	FALSE	0			715	0.000586596275113653	2	0.00616555374692587	0.0026650266502665	0.00966608084358524	0.00195975937994056	-0.006
1827C>G	1827	C>G	TRUE	TRUE	FALSE	FALSE	FALSE	TRUE	FALSE	strand r only	Retained	< 10 cells at AF >= 0.05	FALSE	4	0.0950819672131148	0.104795737122558	71	0.00233739837398374	31	0.00889265297480415	0.00112928348909657	0.104795737122558	0.0430322140620214	0.109
1828A>G	1828	A>G	TRUE	FALSE	FALSE	FALSE	FALSE	FALSE	FALSE	VMR and strand r	< 3 confident cells	< 3 confident cells	FALSE	1	0.0666666666666667	0.0666666666666667	501	0.000490148024703461	13	0.00660283922086497	0.00233925523171271	0.0192307692307692	0.00259786865917521	-0.021
1830G>A	1830	G>A	TRUE	TRUE	FALSE	FALSE	FALSE	TRUE	FALSE	VMR and strand r	Retained	< 10 cells at AF >= 0.05	FALSE	0			118	0.000707943940846868	18	0.0095597514439818	0.00150868413305858	0.0352112676056338	0.00727441476475222	0.051
1830G>T	1830	G>T	TRUE	TRUE	FALSE	FALSE	FALSE	TRUE	FALSE	VMR and strand r	Retained	< 10 cells at AF >= 0.05	FALSE	0			2012	0.00114019681002736	8	0.00129368660387402	0.00107415231479824	0.00862068965517241	0.00197305000823153	0.16
1831G>T	1831	G>T	TRUE	FALSE	FALSE	FALSE	FALSE	FALSE	FALSE	VMR and strand r	< 3 confident cells	< 3 confident cells	FALSE	1	0.05	0.05	1030	0.000643711024095138	0				0.00160343777400179	0.083
1832A>G	1832	A>G	TRUE	TRUE	FALSE	FALSE	FALSE	TRUE	FALSE	strand r only	Retained	< 10 cells at AF >= 0.05	FALSE	4	0.0710168793742281	0.151515151515152	491	0.000563539025077487	43	0.00809622947027527	0.00132502506804183	0.151515151515152	0.0133540986121953	-0.004
1833C>A	1833	C>A	TRUE	FALSE	FALSE	FALSE	FALSE	FALSE	FALSE	VMR and strand r	< 3 confident cells	< 3 confident cells	FALSE	0			730	0.000561195534665051	3	0.0099594245665806	0.00696055684454756	0.0350877192982456	0.00249119878598167	0.009
1834T>C	1834	T>C	TRUE	FALSE	FALSE	FALSE	FALSE	FALSE	FALSE	VMR and strand r	< 3 confident cells	< 3 confident cells	FALSE	1	0.0729783037475345	0.0729783037475345	610	0.000561799348628373	14	0.006884284192505	0.00241361040795903	0.0729783037475345	0.00722425995696886	-0.01
1835A>G	1835	A>G	TRUE	FALSE	FALSE	FALSE	FALSE	FALSE	FALSE	VMR and strand r	< 3 confident cells	< 3 confident cells	FALSE	1	0.0833333333333333	0.0833333333333333	364	0.000448883860431424	11	0.0113278791692889	0.00175735485550638	0.0403587443946188	0.00456515149601237	-0.061
1836A>G	1836	A>G	TRUE	FALSE	FALSE	FALSE	FALSE	FALSE	FALSE	VMR and strand r	< 3 confident cells	< 3 confident cells	FALSE	0			460	0.000471586916104009	13	0.00878378378378378	0.00121364678383602	0.021813224267212	0.00308955086862799	0.052
1837C>A	1837	C>A	TRUE	FALSE	FALSE	FALSE	FALSE	FALSE	FALSE	VMR and strand r	< 3 confident cells	< 3 confident cells	FALSE	0			449	0.000424718623911659	2	0.00731654390711739	0.00142631934539449	0.0132067684688403	0.00185662760836109	-0.151
1838C>A	1838	C>A	TRUE	TRUE	FALSE	FALSE	FALSE	TRUE	FALSE	VMR and strand r	Retained	< 10 cells at AF >= 0.05	FALSE	0			820	0.00061425270008961	2	0.00629038288430816	0.00570703868103995	0.00687372708757637	0.00203483920532405	0.093
1839C>A	1839	C>A	TRUE	TRUE	FALSE	FALSE	FALSE	TRUE	FALSE	VMR and strand r	Retained	< 10 cells at AF >= 0.05	FALSE	1	0.0769230769230769	0.0769230769230769	1341	0.00082135523613963	5	0.013633669235329	0.00376411543287328	0.0152173913043478	0.00221927595538162	0.172
1840C>A	1840	C>A	TRUE	TRUE	FALSE	FALSE	FALSE	TRUE	FALSE	VMR and strand r	Retained	< 10 cells at AF >= 0.05	FALSE	0			1655	0.000988924050632911	11	0.00658941149738696	0.00204313280363224	0.0451612903225806	0.00185030735778574	0.115
1841T>A	1841	T>A	TRUE	TRUE	FALSE	FALSE	FALSE	TRUE	FALSE	VMR and strand r	Retained	< 10 cells at AF >= 0.05	FALSE	1	0.0833333333333333	0.0833333333333333	465	0.00075654410652141	11	0.00784313725490196	0.00134645261522527	0.0248062015503876	0.00474074810567592	-0.158
1841T>C	1841	T>C	TRUE	TRUE	FALSE	FALSE	FALSE	TRUE	FALSE	strand r only	Retained	< 10 cells at AF >= 0.05	FALSE	5	0.0863509749303621	0.986111111111111	984	0.000728863844966623	38	0.00612662187061938	0.0012689758894581	0.986111111111111	0.309933837597158	0.58
1841T>G	1841	T>G	TRUE	TRUE	FALSE	FALSE	FALSE	TRUE	FALSE	VMR and strand r	Retained	< 10 cells at AF >= 0.05	FALSE	1	0.0546218487394958	0.0546218487394958	472	0.00045235288982015	8	0.00687969858798665	0.00167327168648173	0.0546218487394958	0.00494951517167196	-0.067
1842A>C	1842	A>C	TRUE	FALSE	FALSE	FALSE	FALSE	FALSE	FALSE	VMR and strand r	< 3 confident cells	< 3 confident cells	FALSE	0			165	0.000370164723301869	1	0.00589473684210526	0.00589473684210526	0.00589473684210526	0.0015985249813032	-0.286
1842A>G	1842	A>G	TRUE	FALSE	TRUE	FALSE	TRUE	FALSE	FALSE	Retained	< 3 confident cells	< 3 confident cells	FALSE	2	0.0955552134538003	0.130041724617524	237	0.0003813882532418	11	0.010597302504817	0.00236492632344915	0.130041724617524	0.0263609267442261	0.858
1843T>A	1843	T>A	TRUE	FALSE	FALSE	FALSE	FALSE	FALSE	FALSE	VMR and strand r	< 3 confident cells	< 3 confident cells	FALSE	0			127	0.000366568914956012	4	0.00452778056867276	0.00156589821661592	0.0101204819277108	0.00225058133742458	-0.141
1843T>C	1843	T>C	TRUE	FALSE	FALSE	FALSE	FALSE	FALSE	FALSE	strand r only	< 3 confident cells	< 3 confident cells	FALSE	1	0.21551724137931	0.21551724137931	205	0.000413992962119644	23	0.00626057529610829	0.000947482403898213	0.21551724137931	0.0523137326013079	0.026
1845C>A	1845	C>A	TRUE	TRUE	FALSE	FALSE	FALSE	TRUE	FALSE	VMR and strand r	Retained	< 10 cells at AF >= 0.05	FALSE	0			924	0.000648038299614694	2	0.0185623199618682	0.0171745152354571	0.0199501246882793	0.00215250774000774	0.081
1846C>A	1846	C>A	TRUE	TRUE	FALSE	FALSE	FALSE	TRUE	FALSE	VMR and strand r	Retained	< 10 cells at AF >= 0.05	FALSE	0			1152	0.000738347952759087	2	0.00918565800359901	0.0058436815193572	0.0125276344878408	0.00170261541513059	0.102
1846C>T	1846	C>T	TRUE	TRUE	FALSE	FALSE	FALSE	TRUE	FALSE	strand r only	Retained	< 10 cells at AF >= 0.05	FALSE	1	0.0561312607944732	0.0561312607944732	128	0.00045661818424519	14	0.00727969912637723	0.00163681003910157	0.0561312607944732	0.0100232800718126	0.238
1847T>A	1847	T>A	TRUE	FALSE	FALSE	FALSE	FALSE	FALSE	FALSE	VMR and strand r	< 3 confident cells	< 3 confident cells	FALSE	2	0.0677083333333333	0.0833333333333333	411	0.000629722921914358	2	0.0413336036453506	0.0305838739573679	0.0520833333333333	0.0053006450400701	-0.202
1847T>C	1847	T>C	TRUE	TRUE	FALSE	FALSE	FALSE	TRUE	FALSE	strand r only	Retained	< 10 cells at AF >= 0.05	FALSE	2	0.0770779653687454	0.102974828375286	498	0.000525177508998229	20	0.00730900554844217	0.00127588218139399	0.102974828375286	0.0122700023524888	0.088
1848T>A	1848	T>A	TRUE	FALSE	FALSE	FALSE	FALSE	FALSE	FALSE	VMR and strand r	< 3 confident cells	< 3 confident cells	FALSE	0			288	0.0003901320376064	0				0.0018324324385355	-0.382
1848T>C	1848	T>C	TRUE	TRUE	FALSE	FALSE	FALSE	TRUE	FALSE	strand r only	Retained	< 10 cells at AF >= 0.05	FALSE	1	0.212424849699399	0.212424849699399	322	0.000476752518940208	25	0.00579404793257835	0.00205836057634096	0.212424849699399	0.0387778185649861	0.379
1849C>A	1849	C>A	TRUE	TRUE	FALSE	FALSE	FALSE	TRUE	FALSE	VMR and strand r	Retained	< 10 cells at AF >= 0.05	FALSE	3	0.0833333333333333	0.0833333333333333	1815	0.00104248110502997	4	0.00135531963564699	0.00119228267938435	0.010989010989011	0.00166402237239028	0.211
1849C>T	1849	C>T	TRUE	TRUE	FALSE	FALSE	FALSE	TRUE	FALSE	strand r only	Retained	< 10 cells at AF >= 0.05	FALSE	1	0.0535331905781585	0.0535331905781585	87	0.00153178452897626	25	0.0075969612155138	0.00186014067313841	0.0535331905781585	0.0208516320641395	0.093
1850T>C	1850	T>C	TRUE	FALSE	FALSE	FALSE	FALSE	FALSE	FALSE	strand r only	< 3 confident cells	< 3 confident cells	FALSE	2	0.124568668046929	0.162180814354727	531	0.000529100529100529	28	0.00771530744469933	0.0018675054059367	0.162180814354727	0.0221003966011327	0.332
1851G>A	1851	G>A	TRUE	TRUE	TRUE	FALSE	TRUE	TRUE	FALSE	Retained	Retained	< 10 cells at AF >= 0.05	FALSE	1	0.929824561403509	0.929824561403509	775	0.000646203554119548	17	0.00818181818181818	0.00226475745178258	0.929824561403509	0.305423412414651	0.954
1851G>T	1851	G>T	TRUE	TRUE	FALSE	FALSE	FALSE	TRUE	FALSE	VMR and strand r	Retained	< 10 cells at AF >= 0.05	FALSE	1	0.0555555555555556	0.0555555555555556	2452	0.00139660186374575	35	0.00149555073655874	0.000995537246824579	0.00465116279069768	0.0017544831086433	0.104
1852C>A	1852	C>A	TRUE	TRUE	FALSE	FALSE	FALSE	TRUE	FALSE	VMR and strand r	Retained	< 10 cells at AF >= 0.05	FALSE	1	0.0588235294117647	0.0588235294117647	1843	0.00107411385606874	2	0.0030696948991669	0.00202733634163887	0.00411205345669494	0.00179880351794627	0.2
1852C>T	1852	C>T	TRUE	TRUE	FALSE	FALSE	FALSE	TRUE	FALSE	VMR and strand r	Retained	< 10 cells at AF >= 0.05	FALSE	0			874	0.000672099589315135	19	0.00959232613908873	0.00273619829389989	0.0191938579654511	0.00273522161943697	0.045
1854T>C	1854	T>C	TRUE	FALSE	FALSE	FALSE	FALSE	FALSE	FALSE	VMR and strand r	< 3 confident cells	< 3 confident cells	FALSE	1	0.0593713620488941	0.0593713620488941	316	0.000458926137059797	10	0.00517742342622977	0.00196895992587445	0.0593713620488941	0.00550596314454186	-0.007
1856A>C	1856	A>C	TRUE	FALSE	FALSE	FALSE	FALSE	FALSE	FALSE	VMR and strand r	< 3 confident cells	< 3 confident cells	FALSE	0			221	0.00031501023783273	0				0.00179882169491792	-0.314
1857T>A	1857	T>A	TRUE	FALSE	FALSE	FALSE	FALSE	FALSE	FALSE	VMR and strand r	< 3 confident cells	< 3 confident cells	FALSE	0			98	0.000307486648711785	0				0.00170495451195473	-0.539
1857T>C	1857	T>C	TRUE	TRUE	TRUE	FALSE	TRUE	TRUE	FALSE	Retained	Retained	< 10 cells at AF >= 0.05	FALSE	2	0.527298493361842	0.995773457311919	706	0.000609787159832716	20	0.0084840080171635	0.0010754283171401	0.995773457311919	0.306222055767356	0.942
1858G>T	1858	G>T	TRUE	TRUE	FALSE	FALSE	FALSE	TRUE	FALSE	VMR and strand r	Retained	< 10 cells at AF >= 0.05	FALSE	3	0.0588235294117647	0.0625	2121	0.00121065375302663	4	0.00156886529860103	0.00118021346469622	0.00221130221130221	0.00172530777782335	0.219
1859A>T	1859	A>T	TRUE	FALSE	FALSE	FALSE	FALSE	FALSE	FALSE	VMR and strand r	< 3 confident cells	< 3 confident cells	FALSE	0			598	0.000523424944342435	1	0.015220700152207	0.015220700152207	0.015220700152207	0.00200064076014388	-0.034
1860A>C	1860	A>C	TRUE	FALSE	FALSE	FALSE	FALSE	FALSE	FALSE	VMR and strand r	< 3 confident cells	< 3 confident cells	FALSE	0			376	0.000407692012771339	0				0.00178468565367594	-0.219
1860A>G	1860	A>G	TRUE	TRUE	FALSE	FALSE	FALSE	TRUE	FALSE	VMR and strand r	Retained	< 10 cells at AF >= 0.05	FALSE	2	0.0517168589924008	0.0526315789473684	406	0.000508992429881845	22	0.00616720863249403	0.00174291938997821	0.0508021390374332	0.00723916871055572	0.027
1861T>A	1861	T>A	TRUE	FALSE	FALSE	FALSE	FALSE	FALSE	FALSE	VMR and strand r	< 3 confident cells	< 3 confident cells	FALSE	0			144	0.000341674743795742	0				0.00148132830978622	-0.447
1863A>G	1863	A>G	TRUE	FALSE	FALSE	FALSE	FALSE	FALSE	FALSE	VMR and strand r	< 3 confident cells	< 3 confident cells	FALSE	0			437	0.000473111496609368	20	0.00965962867222075	0.00114029419590254	0.0333333333333333	0.00588460072660224	0.102
1864A>G	1864	A>G	TRUE	FALSE	FALSE	FALSE	FALSE	FALSE	FALSE	VMR and strand r	< 3 confident cells	< 3 confident cells	FALSE	1	0.0726577437858509	0.0726577437858509	379	0.000456829602558246	9	0.0124622356495468	0.0016595391587413	0.0726577437858509	0.00973677315147511	-0.039
1865C>A	1865	C>A	TRUE	TRUE	FALSE	FALSE	FALSE	TRUE	FALSE	VMR and strand r	Retained	< 10 cells at AF >= 0.05	FALSE	1	0.105263157894737	0.105263157894737	888	0.0006625589446116	6	0.00972630197217128	0.00245421936945441	0.105263157894737	0.00224202527801377	0.011
1865C>T	1865	C>T	TRUE	FALSE	FALSE	FALSE	FALSE	FALSE	FALSE	strand r only	< 3 confident cells	< 3 confident cells	FALSE	1	0.0599520383693046	0.0599520383693046	94	0.000376485037101359	9	0.0106655290102389	0.00129785853341986	0.0599520383693046	0.0165665830437539	0.102
1867A>C	1867	A>C	TRUE	FALSE	FALSE	FALSE	FALSE	FALSE	FALSE	VMR and strand r	< 3 confident cells	< 3 confident cells	FALSE	0			274	0.000374158237295653	0				0.00165726555410664	-0.369
1867A>G	1867	A>G	TRUE	FALSE	FALSE	FALSE	FALSE	FALSE	FALSE	VMR and strand r	< 3 confident cells	< 3 confident cells	FALSE	0			285	0.000389105058365759	18	0.00896646280184914	0.0028909820013056	0.0394345238095238	0.00413856686106041	-0.036
1868G>A	1868	G>A	TRUE	TRUE	FALSE	FALSE	FALSE	TRUE	FALSE	strand r only	Retained	< 10 cells at AF >= 0.05	FALSE	3	0.0722291407222914	0.130750605326877	73	0.00254777070063694	29	0.00604229607250755	0.00150484166448574	0.130750605326877	0.0394649527739389	0.092
1868G>T	1868	G>T	TRUE	TRUE	FALSE	FALSE	FALSE	TRUE	FALSE	VMR and strand r	Retained	< 10 cells at AF >= 0.05	FALSE	0			1914	0.00111576019839057	4	0.00125506519477965	0.000923800459100834	0.00151324085750315	0.00165653457263897	0.257
1869A>G	1869	A>G	TRUE	TRUE	FALSE	FALSE	FALSE	TRUE	FALSE	VMR and strand r	Retained	< 10 cells at AF >= 0.05	FALSE	0			388	0.000474046009092155	26	0.00931351796974221	0.00162249864791779	0.037914691943128	0.00446253810664623	0.037
1870A>G	1870	A>G	TRUE	FALSE	FALSE	FALSE	FALSE	FALSE	FALSE	VMR and strand r	< 3 confident cells	< 3 confident cells	FALSE	0			441	0.00045475216007276	13	0.00433212996389892	0.00142209581370545	0.0373134328358209	0.00298520389772442	0.068
1871A>G	1871	A>G	TRUE	FALSE	FALSE	FALSE	FALSE	FALSE	FALSE	VMR and strand r	< 3 confident cells	< 3 confident cells	FALSE	1	0.0598290598290598	0.0598290598290598	298	0.000460035530932853	15	0.00749531542785759	0.00235722704382299	0.0598290598290598	0.00781954145288861	0.225
1873A>G	1873	A>G	TRUE	FALSE	FALSE	FALSE	FALSE	FALSE	FALSE	VMR and strand r	< 3 confident cells	< 3 confident cells	FALSE	0			430	0.000540614080311623	29	0.00680889695869269	0.00182207931404073	0.0396825396825397	0.00562795035289846	0.069
1875C>A	1875	C>A	TRUE	TRUE	FALSE	FALSE	FALSE	TRUE	FALSE	VMR and strand r	Retained	< 10 cells at AF >= 0.05	FALSE	1	0.0505050505050505	0.0505050505050505	711	0.000682128240109141	3	0.00152801358234295	0.00123483302909911	0.0505050505050505	0.00329978187180307	-0.066
1876T>A	1876	T>A	TRUE	FALSE	FALSE	FALSE	FALSE	FALSE	FALSE	VMR and strand r	< 3 confident cells	< 3 confident cells	FALSE	0			739	0.000575484366008057	0				0.00184870532172433	-0.092
1876T>C	1876	T>C	TRUE	TRUE	FALSE	FALSE	FALSE	TRUE	FALSE	strand r only	Retained	< 10 cells at AF >= 0.05	FALSE	7	0.125	0.186666666666667	437	0.00194318497270288	145	0.00696661828737301	0.00104147294030128	0.186666666666667	0.0415784922369055	0.005
1877T>C	1877	T>C	TRUE	TRUE	FALSE	FALSE	FALSE	TRUE	FALSE	strand r only	Retained	< 10 cells at AF >= 0.05	FALSE	4	0.0852441680278092	0.287037037037037	203	0.000465224470807164	24	0.0140201831708695	0.00267607347038073	0.287037037037037	0.0932036141734757	0.097
1879G>T	1879	G>T	TRUE	FALSE	FALSE	FALSE	FALSE	FALSE	FALSE	VMR and strand r	< 3 confident cells	< 3 confident cells	FALSE	0			1015	0.00076555023923445	2	0.0338823125750558	0.0229885057471264	0.0447761194029851	0.00259274039994497	-0.015
1880C>A	1880	C>A	TRUE	FALSE	FALSE	FALSE	FALSE	FALSE	FALSE	VMR and strand r	< 3 confident cells	< 3 confident cells	FALSE	0			470	0.000518291483118624	1	0.0145631067961165	0.0145631067961165	0.0145631067961165	0.00209627958650493	-0.187
1880C>T	1880	C>T	TRUE	TRUE	FALSE	FALSE	FALSE	TRUE	FALSE	VMR and strand r	Retained	< 10 cells at AF >= 0.05	FALSE	2	0.0757234726688103	0.1	1455	0.00102722136620442	42	0.00473758329288803	0.00105020802197358	0.0514469453376206	0.00346800751575095	0.045
1881A>G	1881	A>G	TRUE	FALSE	FALSE	FALSE	FALSE	FALSE	FALSE	VMR and strand r	< 3 confident cells	< 3 confident cells	FALSE	1	0.0987124463519313	0.0987124463519313	1087	0.000814995925020375	16	0.00422367910654809	0.00259355316783994	0.0987124463519313	0.00598752789751145	0.024
1883G>A	1883	G>A	TRUE	TRUE	TRUE	FALSE	TRUE	TRUE	FALSE	Retained	Retained	< 10 cells at AF >= 0.05	FALSE	2	0.997289972899729	1	142	0.000665506523425365	25	0.00736919675755343	0.00147114913093227	1	0.938504371839749	0.881
1884G>T	1884	G>T	TRUE	FALSE	FALSE	FALSE	FALSE	FALSE	FALSE	VMR and strand r	< 3 confident cells	< 3 confident cells	FALSE	1	0.0526315789473684	0.0526315789473684	234	0.0004243609093641	0				0.00518668908026374	-0.266
1885A>G	1885	A>G	TRUE	TRUE	FALSE	FALSE	FALSE	TRUE	FALSE	strand r only	Retained	< 10 cells at AF >= 0.05	FALSE	5	0.0604651162790698	0.0729613733905579	495	0.000640478223740393	56	0.00927850829645312	0.00178362752936835	0.0729613733905579	0.0152115382773314	0.009
1887A>T	1887	A>T	TRUE	TRUE	TRUE	FALSE	TRUE	TRUE	FALSE	Retained	Retained	< 10 cells at AF >= 0.05	FALSE	3	0.172185430463576	0.991930477963997	427	0.000648328239325739	41	0.0072666294019005	0.00130952380952381	0.991930477963997	0.349552604078698	0.991
1888G>A	1888	G>A	TRUE	TRUE	TRUE	FALSE	TRUE	TRUE	FALSE	Retained	Retained	< 10 cells at AF >= 0.05	FALSE	3	0.60801393728223	0.984375	862	0.000832206612324345	37	0.00557620817843866	0.00158966206861187	0.984375	0.356320108394537	0.959
1889C>A	1889	C>A	TRUE	FALSE	FALSE	FALSE	FALSE	FALSE	FALSE	VMR and strand r	< 3 confident cells	< 3 confident cells	FALSE	1	0.060790273556231	0.060790273556231	701	0.000602954476936991	2	0.0342658107307567	0.00774134790528233	0.060790273556231	0.00349099598176596	0.022
1889C>T	1889	C>T	TRUE	TRUE	FALSE	FALSE	FALSE	TRUE	FALSE	VMR and strand r	Retained	< 10 cells at AF >= 0.05	FALSE	0			1621	0.00121691512017037	57	0.00409191060749134	0.00110150821894594	0.0468227424749164	0.00329240884200373	0.064
1890C>A	1890	C>A	TRUE	FALSE	FALSE	FALSE	FALSE	FALSE	FALSE	VMR and strand r	< 3 confident cells	< 3 confident cells	FALSE	2	0.0596491228070175	0.0666666666666667	689	0.000662866233594061	27	0.00763701707097934	0.0015894460780418	0.0268542199488491	0.00315421462283124	0.106
1895C>T	1895	C>T	TRUE	FALSE	FALSE	FALSE	FALSE	FALSE	FALSE	strand r only	< 3 confident cells	< 3 confident cells	FALSE	2	0.0682773109243698	0.0794117647058824	278	0.00120682833764979	63	0.00595592614651578	0.00130701869036727	0.0794117647058824	0.0117967192034089	0.054
1898A>G	1898	A>G	TRUE	FALSE	FALSE	FALSE	FALSE	FALSE	FALSE	VMR and strand r	< 3 confident cells	< 3 confident cells	FALSE	1	0.0651260504201681	0.0651260504201681	885	0.000819985786913027	21	0.00611413043478261	0.00164631636712855	0.0651260504201681	0.00512411058685742	0.036
1899G>T	1899	G>T	TRUE	FALSE	FALSE	FALSE	FALSE	FALSE	FALSE	VMR and strand r	< 3 confident cells	< 3 confident cells	FALSE	0			232	0.000486622153171604	0				0.00241498477228517	-0.483
1900A>C	1900	A>C	TRUE	FALSE	FALSE	FALSE	FALSE	FALSE	FALSE	strand r only	< 3 confident cells	< 3 confident cells	FALSE	3	0.0645161290322581	0.19047619047619	54	0.00171375772730939	15	0.011166253101737	0.00156099011372928	0.19047619047619	0.104436630221753	0.109
1900A>G	1900	A>G	TRUE	FALSE	TRUE	FALSE	TRUE	FALSE	FALSE	Retained	< 3 confident cells	< 3 confident cells	FALSE	2	0.525822972867308	0.990421455938697	529	0.000624219725343321	9	0.00795755968169761	0.00338145402523085	0.990421455938697	0.442883359020922	0.952
1901C>T	1901	C>T	TRUE	TRUE	FALSE	FALSE	FALSE	TRUE	FALSE	strand r only	Retained	< 10 cells at AF >= 0.05	FALSE	4	0.0670138888888889	0.0838323353293413	314	0.00229198742099184	103	0.00721097929751105	0.00120599285681154	0.0838323353293413	0.0188733742923677	0.024
1905C>T	1905	C>T	TRUE	FALSE	FALSE	FALSE	FALSE	FALSE	FALSE	VMR and strand r	< 3 confident cells	< 3 confident cells	FALSE	1	0.06941431670282	0.06941431670282	440	0.000658330415125217	20	0.0103032542124515	0.00318471337579618	0.06941431670282	0.00830285974320037	-0.022
1906G>A	1906	G>A	TRUE	TRUE	FALSE	FALSE	FALSE	TRUE	FALSE	strand r only	Retained	< 10 cells at AF >= 0.05	FALSE	6	0.0798240100565682	0.992513368983957	497	0.00255754475703325	155	0.00858369098712446	0.00123695815854577	0.992513368983957	0.240950232602357	0.251
1914A>G	1914	A>G	TRUE	TRUE	FALSE	FALSE	FALSE	TRUE	FALSE	VMR and strand r	Retained	< 10 cells at AF >= 0.05	FALSE	0			507	0.000707463742483198	18	0.00756542383669177	0.00182982616651418	0.0273037542662116	0.00294310512065	-0.002
1915C>T	1915	C>T	TRUE	TRUE	FALSE	FALSE	FALSE	TRUE	FALSE	VMR and strand r	Retained	< 10 cells at AF >= 0.05	FALSE	1	0.0958904109589041	0.0958904109589041	705	0.00089086859688196	19	0.00824873096446701	0.00133440085401655	0.0958904109589041	0.00385385340458976	-0.063
1917A>G	1917	A>G	TRUE	FALSE	FALSE	FALSE	FALSE	FALSE	FALSE	strand r only	< 3 confident cells	< 3 confident cells	FALSE	3	0.0566037735849057	0.0731707317073171	317	0.000625195373554236	20	0.0130444116209553	0.00199650611429998	0.0731707317073171	0.0112051614836029	0.014
1918G>A	1918	G>A	TRUE	FALSE	TRUE	FALSE	TRUE	FALSE	FALSE	Retained	< 3 confident cells	< 3 confident cells	FALSE	1	0.990791896869245	0.990791896869245	166	0.000758151856839777	20	0.0113014550429051	0.00193590019359002	0.990791896869245	0.65209824229472	0.956
1919C>T	1919	C>T	TRUE	FALSE	FALSE	FALSE	FALSE	FALSE	FALSE	VMR and strand r	< 3 confident cells	< 3 confident cells	FALSE	0			292	0.000804829104175007	13	0.00368385800401875	0.00137608366588689	0.0206766917293233	0.00300926954706346	0.003
1920T>C	1920	T>C	TRUE	FALSE	FALSE	FALSE	FALSE	FALSE	FALSE	VMR and strand r	< 3 confident cells	< 3 confident cells	FALSE	1	0.0743034055727554	0.0743034055727554	257	0.000741015190811412	25	0.00694698354661792	0.00217301324503311	0.0743034055727554	0.00926486155911269	0.059
1921A>G	1921	A>G	TRUE	FALSE	TRUE	FALSE	TRUE	FALSE	FALSE	Retained	< 3 confident cells	< 3 confident cells	FALSE	1	0.984496124031008	0.984496124031008	186	0.000554303629663424	6	0.0104398673063595	0.00142837709155217	0.984496124031008	0.746491318506039	0.763
1926A>T	1926	A>T	TRUE	FALSE	FALSE	FALSE	FALSE	FALSE	FALSE	strand r only	< 3 confident cells	< 3 confident cells	FALSE	1	0.0773480662983425	0.0773480662983425	140	0.00102451919141174	28	0.00813867536374102	0.0021250758955677	0.0773480662983425	0.012338482429181	0.085
1927G>A	1927	G>A	TRUE	TRUE	TRUE	FALSE	TRUE	TRUE	FALSE	Retained	Retained	< 10 cells at AF >= 0.05	FALSE	3	0.991253644314869	1	31	0.00142005112184039	9	0.0267379679144385	0.00900423728813559	1	1.26061707563995	0.996
1928A>G	1928	A>G	TRUE	FALSE	FALSE	FALSE	FALSE	FALSE	FALSE	VMR and strand r	< 3 confident cells	< 3 confident cells	FALSE	0			237	0.000597550044816253	5	0.00462207721587819	0.00166013679527193	0.0219224283305228	0.00493835714844511	0
1930C>T	1930	C>T	TRUE	FALSE	FALSE	FALSE	FALSE	FALSE	FALSE	VMR and strand r	< 3 confident cells	< 3 confident cells	FALSE	0			170	0.000705132028950927	1	0.0127077223851417	0.0127077223851417	0.0127077223851417	0.00381584529377438	-0.174
1931A>C	1931	A>C	TRUE	FALSE	FALSE	FALSE	FALSE	FALSE	FALSE	VMR and strand r	< 3 confident cells	< 3 confident cells	FALSE	1	0.0666666666666667	0.0666666666666667	363	0.000720461095100865	5	0.00518134715025907	0.00296088514882344	0.0194594594594595	0.00294659913198106	-0.051
1931A>G	1931	A>G	TRUE	TRUE	FALSE	FALSE	FALSE	TRUE	FALSE	VMR and strand r	Retained	< 10 cells at AF >= 0.05	FALSE	0			579	0.00102092904543134	32	0.00979348862765964	0.00147275405007364	0.0402684563758389	0.00596162330377504	0
1932G>A	1932	G>A	TRUE	TRUE	FALSE	FALSE	FALSE	TRUE	FALSE	strand r only	Retained	< 10 cells at AF >= 0.05	FALSE	1	0.118143459915612	0.118143459915612	384	0.000857939519649557	16	0.00889573663173484	0.0020746887966805	0.118143459915612	0.0114302963107021	-0.024
1933C>T	1933	C>T	TRUE	TRUE	FALSE	FALSE	FALSE	TRUE	FALSE	strand r only	Retained	< 10 cells at AF >= 0.05	FALSE	3	0.0571428571428571	0.0806451612903226	141	0.00107758620689655	15	0.0065359477124183	0.00236923637689083	0.0806451612903226	0.0151060998304284	-0.029
1934T>A	1934	T>A	TRUE	TRUE	FALSE	FALSE	FALSE	TRUE	FALSE	strand r only	Retained	< 10 cells at AF >= 0.05	FALSE	3	0.0565371024734982	0.2375	130	0.00284657067171114	40	0.00988207253873059	0.00269106566200215	0.2375	0.0133093226346548	-0.161
1937A>G	1937	A>G	TRUE	TRUE	FALSE	FALSE	FALSE	TRUE	FALSE	strand r only	Retained	< 10 cells at AF >= 0.05	FALSE	2	0.0523515174524832	0.0524642289348172	185	0.00105584232754575	17	0.0105820105820106	0.00278293135435993	0.0524642289348172	0.0102066195325328	0.005
1937A>T	1937	A>T	TRUE	TRUE	FALSE	FALSE	FALSE	TRUE	FALSE	strand r only	Retained	< 10 cells at AF >= 0.05	FALSE	4	0.0798468859921374	0.164383561643836	279	0.000773594636410521	35	0.0111821086261981	0.00264200792602378	0.164383561643836	0.0259534271627797	0.18
1938A>G	1938	A>G	TRUE	FALSE	FALSE	FALSE	FALSE	FALSE	FALSE	VMR and strand r	< 3 confident cells	< 3 confident cells	FALSE	1	0.1	0.1	350	0.000894376877004983	21	0.00993788819875776	0.00285357588728375	0.03125	0.00447676478498911	-0.023
1940A>G	1940	A>G	TRUE	FALSE	FALSE	FALSE	FALSE	FALSE	FALSE	VMR and strand r	< 3 confident cells	< 3 confident cells	FALSE	1	0.0526315789473684	0.0526315789473684	350	0.00095640503284427	25	0.00822669104204753	0.00215162637640805	0.0477386934673367	0.00541043541669361	-0.065
1941G>A	1941	G>A	TRUE	FALSE	FALSE	FALSE	FALSE	FALSE	FALSE	VMR and strand r	< 3 confident cells	< 3 confident cells	FALSE	1	0.0897435897435897	0.0897435897435897	353	0.000975134080936129	9	0.0174482006543075	0.00154810173239956	0.0897435897435897	0.00945229156371679	-0.18
1942C>T	1942	C>T	TRUE	FALSE	FALSE	FALSE	FALSE	FALSE	FALSE	VMR and strand r	< 3 confident cells	< 3 confident cells	FALSE	2	0.062987012987013	0.0714285714285714	668	0.00115919646364454	14	0.0114386250678695	0.00258977900552486	0.0295566502463054	0.00484493972693078	-0.129
1945A>C	1945	A>C	TRUE	FALSE	FALSE	FALSE	FALSE	FALSE	FALSE	strand r only	< 3 confident cells	< 3 confident cells	FALSE	2	0.210227272727273	0.25	111	0.000720461095100865	4	0.0983851674641148	0.00346620450606586	0.25	0.0875767299360562	0.259
1950T>C	1950	T>C	TRUE	TRUE	FALSE	FALSE	FALSE	TRUE	FALSE	strand r only	Retained	< 10 cells at AF >= 0.05	FALSE	4	0.0563973063973064	0.0584415584415584	210	0.00166563785294668	42	0.0115217781989282	0.00245298446443173	0.0584415584415584	0.0137329635669625	0.027
1952T>C	1952	T>C	TRUE	FALSE	FALSE	FALSE	FALSE	FALSE	FALSE	strand r only	< 3 confident cells	< 3 confident cells	FALSE	4	0.10587899543379	0.268817204301075	164	0.00120123629941302	9	0.020327868852459	0.00508967523024721	0.268817204301075	0.0590979184282103	0.002
1953A>G	1953	A>G	TRUE	FALSE	FALSE	FALSE	FALSE	FALSE	FALSE	strand r only	< 3 confident cells	< 3 confident cells	FALSE	3	0.171887769000272	0.272108843537415	72	0.000828935655199838	5	0.169811320754717	0.00902378999179655	0.272108843537415	0.0504687807701672	0.585
1954T>C	1954	T>C	TRUE	FALSE	FALSE	FALSE	FALSE	FALSE	FALSE	strand r only	< 3 confident cells	< 3 confident cells	FALSE	3	0.375796178343949	0.995940460081191	112	0.00121457465990729	15	0.0117021276595745	0.00238379022646007	0.995940460081191	0.495219704966493	0.506
1954T>G	1954	T>G	TRUE	TRUE	FALSE	FALSE	FALSE	TRUE	FALSE	VMR and strand r	Retained	< 10 cells at AF >= 0.05	FALSE	1	0.0618320610687023	0.0618320610687023	83	0.00140350877192982	15	0.00998890122086571	0.0022679165406713	0.0618320610687023	0.00819792235378085	0.42
1955G>A	1955	G>A	TRUE	TRUE	TRUE	FALSE	TRUE	TRUE	FALSE	Retained	Retained	< 10 cells at AF >= 0.05	FALSE	2	0.998683344305464	1	48	0.00136188508596957	8	0.0114151521634796	0.00213057373306955	1	0.737488372963364	0.995
1956T>C	1956	T>C	TRUE	FALSE	TRUE	FALSE	TRUE	FALSE	FALSE	Retained	< 3 confident cells	< 3 confident cells	FALSE	1	0.960286817429674	0.960286817429674	149	0.00110864745011086	11	0.00771010023130301	0.003584229390681	0.960286817429674	0.253441980499711	0.998
1956T>G	1956	T>G	TRUE	TRUE	FALSE	FALSE	FALSE	TRUE	FALSE	strand r only	Retained	< 10 cells at AF >= 0.05	FALSE	7	0.128205128205128	0.595505617977528	432	0.00115986859157469	37	0.0156378600823045	0.00173183848327409	0.595505617977528	0.0268746936890442	0.059
1957A>G	1957	A>G	TRUE	TRUE	FALSE	FALSE	FALSE	TRUE	FALSE	strand r only	Retained	< 10 cells at AF >= 0.05	FALSE	8	0.110871440897325	0.595505617977528	332	0.00146628826969384	54	0.0113181327823591	0.0018491124260355	0.595505617977528	0.0294460189762831	-0.002
1958G>A	1958	G>A	TRUE	FALSE	TRUE	FALSE	TRUE	FALSE	FALSE	Retained	< 3 confident cells	< 3 confident cells	FALSE	2	0.525659133709981	0.996233521657251	275	0.00103765194189149	6	0.0312492435795028	0.00427772293517605	0.996233521657251	0.373525992392567	0.983
1965A>G	1965	A>G	TRUE	TRUE	FALSE	TRUE	FALSE	TRUE	TRUE	strand r only	Retained	Retained	FALSE	22	0.0918642760748024	0.291390728476821	322	0.00262825817887784	95	0.0160919540229885	0.00272525975132005	0.291390728476821	0.0688849226456061	0.004
1966G>A	1966	G>A	TRUE	TRUE	TRUE	FALSE	TRUE	TRUE	FALSE	Retained	Retained	< 10 cells at AF >= 0.05	FALSE	1	0.525	0.525	31	0.00233705531030901	5	0.00964066608238387	0.00442043222003929	0.525	0.41715585807619	0.962
1966G>T	1966	G>T	TRUE	FALSE	FALSE	FALSE	FALSE	FALSE	FALSE	VMR and strand r	< 3 confident cells	< 3 confident cells	FALSE	2	0.0669279907084785	0.0833333333333333	166	0.000959169479290035	8	0.0150447067238913	0.00562148657089319	0.0833333333333333	0.00978438257301235	-0.093
1967T>C	1967	T>C	TRUE	TRUE	FALSE	FALSE	FALSE	TRUE	FALSE	strand r only	Retained	< 10 cells at AF >= 0.05	FALSE	5	0.178571428571429	0.99526963103122	80	0.0014463958922496	16	0.0256830202063404	0.00751010976314269	0.99526963103122	0.366040922535021	0.229
1967T>G	1967	T>G	TRUE	TRUE	FALSE	TRUE	FALSE	TRUE	TRUE	strand r only	Retained	Retained	FALSE	21	0.0909090909090909	0.303448275862069	146	0.008571953010279	86	0.019418527942701	0.00296115659292806	0.303448275862069	0.0903882103391688	0.017
1969G>A	1969	G>A	TRUE	TRUE	TRUE	FALSE	TRUE	TRUE	FALSE	Retained	Retained	< 10 cells at AF >= 0.05	FALSE	5	0.992537313432836	0.997762863534676	42	0.00157763204823739	10	0.0492680377455446	0.00890292935094773	0.997762863534676	1.20387585546421	0.87
1971A>G	1971	A>G	TRUE	FALSE	FALSE	FALSE	FALSE	FALSE	FALSE	strand r only	< 3 confident cells	< 3 confident cells	FALSE	2	0.103837603837604	0.108108108108108	232	0.00112423597454007	9	0.0175879396984925	0.00411184210526316	0.108108108108108	0.0156097430542756	-0.101
1974A>T	1974	A>T	TRUE	FALSE	FALSE	FALSE	FALSE	FALSE	FALSE	VMR and strand r	< 3 confident cells	< 3 confident cells	FALSE	0			115	0.00106439595529537	7	0.0104849279161206	0.00430261742560057	0.0156599552572707	0.00599796704692164	0.084
1978A>G	1978	A>G	TRUE	FALSE	FALSE	FALSE	FALSE	FALSE	FALSE	strand r only	< 3 confident cells	< 3 confident cells	FALSE	1	0.132450331125828	0.132450331125828	160	0.00111271027748116	4	0.0130665142311105	0.0120481927710843	0.132450331125828	0.0141169586385356	-0.25
1980A>G	1980	A>G	TRUE	TRUE	TRUE	FALSE	TRUE	TRUE	FALSE	Retained	Retained	< 10 cells at AF >= 0.05	FALSE	5	0.0608695652173913	0.993150684931507	414	0.00164699733803999	11	0.0312075983717775	0.00393236335037357	0.993150684931507	0.266063596927471	0.712
1981G>T	1981	G>T	TRUE	TRUE	FALSE	TRUE	FALSE	TRUE	TRUE	strand r only	Retained	Retained	FALSE	11	0.076	0.62962962962963	457	0.00167364016736402	39	0.0175609756097561	0.00313059033989267	0.62962962962963	0.105984040229134	-0.104
1982G>A	1982	G>A	TRUE	TRUE	FALSE	FALSE	FALSE	TRUE	FALSE	strand r only	Retained	< 10 cells at AF >= 0.05	FALSE	2	0.544077134986226	0.96969696969697	32	0.00221614878768681	7	0.0204678362573099	0.00441392839627268	0.96969696969697	1.31410117359222	0.627
1983T>G	1983	T>G	TRUE	TRUE	FALSE	TRUE	FALSE	TRUE	TRUE	strand r only	Retained	Retained	FALSE	10	0.09113613196182	0.62962962962963	93	0.00573613766730402	37	0.0264900662251656	0.00338648229151968	0.62962962962963	0.219756399209029	-0.221
1986A>G	1986	A>G	TRUE	FALSE	FALSE	FALSE	FALSE	FALSE	FALSE	VMR and strand r	< 3 confident cells	< 3 confident cells	FALSE	0			347	0.00131752305665349	9	0.0196891191709845	0.00343544231319782	0.0428396572827417	0.0070800246102819	-0.167
1987G>A	1987	G>A	TRUE	TRUE	TRUE	FALSE	TRUE	TRUE	FALSE	Retained	Retained	< 10 cells at AF >= 0.05	FALSE	2	0.586206896551724	1	25	0.00139470013947001	5	0.0215946843853821	0.00515729757607014	1	1.43154341658911	0.875
1988G>A	1988	G>A	TRUE	TRUE	TRUE	FALSE	TRUE	TRUE	FALSE	Retained	Retained	< 10 cells at AF >= 0.05	FALSE	4	0.230091737741434	0.990601503759398	59	0.0025974025974026	13	0.0239410681399632	0.00327673518022043	0.990601503759398	0.606342010653347	0.854
1989C>G	1989	C>G	TRUE	TRUE	FALSE	TRUE	FALSE	TRUE	TRUE	strand r only	Retained	Retained	FALSE	10	0.091183574879227	0.545454545454545	35	0.0108695652173913	16	0.0428826422920911	0.00374391613627855	0.545454545454545	0.139312220208703	0.26
1989C>T	1989	C>T	TRUE	FALSE	FALSE	FALSE	FALSE	FALSE	FALSE	VMR and strand r	< 3 confident cells	< 3 confident cells	FALSE	3	0.0588235294117647	0.0666666666666667	383	0.00157150340492404	8	0.0135539896601844	0.00573065902578797	0.0578512396694215	0.00655110986082152	-0.217
1990G>A	1990	G>A	TRUE	TRUE	TRUE	FALSE	TRUE	TRUE	FALSE	Retained	Retained	< 10 cells at AF >= 0.05	FALSE	4	0.207480333286785	0.995872033023736	331	0.00134498991257566	10	0.0251995576509994	0.0106382978723404	0.995872033023736	0.226812532632403	0.759
1992C>T	1992	C>T	TRUE	FALSE	FALSE	FALSE	FALSE	FALSE	FALSE	VMR and strand r	< 3 confident cells	< 3 confident cells	FALSE	1	0.0769230769230769	0.0769230769230769	346	0.00156007759013038	5	0.00817610062893082	0.00451232211037834	0.0438144329896907	0.005410000364267	-0.152
1993A>G	1993	A>G	TRUE	FALSE	FALSE	FALSE	FALSE	FALSE	FALSE	strand r only	< 3 confident cells	< 3 confident cells	FALSE	3	0.125	0.4	141	0.00145243282498184	6	0.00851303193182971	0.00538116591928251	0.4	0.0149214953934952	-0.12
1998T>A	1998	T>A	TRUE	FALSE	FALSE	FALSE	FALSE	FALSE	FALSE	strand r only	< 3 confident cells	< 3 confident cells	FALSE	3	0.117647058823529	0.119565217391304	176	0.00187122319581462	7	0.018757327080891	0.0112834978843441	0.119565217391304	0.0149402166794126	-0.112
1998T>C	1998	T>C	TRUE	FALSE	FALSE	FALSE	FALSE	FALSE	FALSE	VMR and strand r	< 3 confident cells	< 3 confident cells	FALSE	2	0.176162790697674	0.302325581395349	144	0.00182538540171473	7	0.0301724137931035	0.00345803206538824	0.302325581395349	0.00723990266930206	-0.235
1999A>C	1999	A>C	TRUE	FALSE	FALSE	FALSE	FALSE	FALSE	FALSE	VMR and strand r	< 3 confident cells	< 3 confident cells	FALSE	4	0.0590277777777778	0.0769230769230769	415	0.0016	0				0.00759983123492433	-0.437
2000C>T	2000	C>T	TRUE	TRUE	FALSE	FALSE	FALSE	TRUE	FALSE	strand r only	Retained	< 10 cells at AF >= 0.05	FALSE	5	0.102564102564103	0.150537634408602	124	0.00321693564965112	23	0.0173564753004005	0.00498063087991146	0.150537634408602	0.0364967245086909	0.035
2002G>A	2002	G>A	TRUE	TRUE	TRUE	FALSE	TRUE	TRUE	FALSE	Retained	Retained	< 10 cells at AF >= 0.05	FALSE	4	0.30024235645041	0.993013507219376	41	0.00181818181818182	7	0.0132211538461538	0.0069589422407794	0.993013507219376	0.21678771095477	0.923
2003A>T	2003	A>T	TRUE	FALSE	FALSE	FALSE	FALSE	FALSE	FALSE	strand r only	< 3 confident cells	< 3 confident cells	FALSE	0			35	0.00194931773879142	2	0.00992523739566189	0.00574112734864301	0.0141093474426808	0.010723798950721	0.104
2004G>A	2004	G>A	TRUE	TRUE	FALSE	FALSE	FALSE	TRUE	FALSE	strand r only	Retained	< 10 cells at AF >= 0.05	FALSE	0			57	0.00367647058823529	8	0.011080537721078	0.00597119775201967	0.0393700787401575	0.0113882570439957	0.008
2005C>T	2005	C>T	TRUE	TRUE	FALSE	FALSE	FALSE	TRUE	FALSE	VMR and strand r	Retained	< 10 cells at AF >= 0.05	FALSE	1	0.0769230769230769	0.0769230769230769	348	0.00183066399900801	9	0.00830367734282325	0.00491601802539943	0.0337837837837838	0.00857798054957849	-0.273
2010T>G	2010	T>G	TRUE	TRUE	FALSE	FALSE	FALSE	TRUE	FALSE	strand r only	Retained	< 10 cells at AF >= 0.05	FALSE	7	0.144670050761421	0.734177215189873	39	0.0122199592668024	18	0.0399139585951635	0.00406115623506928	0.734177215189873	0.501882380455431	0.221
2011G>A	2011	G>A	TRUE	TRUE	TRUE	FALSE	TRUE	TRUE	FALSE	Retained	Retained	< 10 cells at AF >= 0.05	FALSE	3	0.962686567164179	1	20	0.00620693637168482	4	0.66786672108209	0.043859649122807	1	1.06427782836789	0.967
2013T>C	2013	T>C	TRUE	TRUE	TRUE	FALSE	TRUE	TRUE	FALSE	Retained	Retained	< 10 cells at AF >= 0.05	FALSE	3	0.0862068965517242	1	37	0.00297619047619048	6	0.0216537486669861	0.00291601866251944	1	0.695247881985977	0.944
2015G>A	2015	G>A	TRUE	TRUE	FALSE	FALSE	FALSE	TRUE	FALSE	strand r only	Retained	< 10 cells at AF >= 0.05	FALSE	6	0.0794117647058824	0.857142857142857	120	0.00226116522228187	9	0.0164744645799012	0.00616860863605209	0.857142857142857	0.383172108474014	0.128
2016C>T	2016	C>T	TRUE	FALSE	FALSE	FALSE	FALSE	FALSE	FALSE	VMR and strand r	< 3 confident cells	< 3 confident cells	FALSE	3	0.0625	0.0714285714285714	267	0.00214362272240086	8	0.0231189575451871	0.00677392040643523	0.0379746835443038	0.0088939974611233	-0.314
2018G>A	2018	G>A	TRUE	TRUE	FALSE	FALSE	FALSE	TRUE	FALSE	strand r only	Retained	< 10 cells at AF >= 0.05	FALSE	5	0.091254752851711	0.114754098360656	58	0.00361449709927645	19	0.0237154150197628	0.00326797385620915	0.114754098360656	0.0328674058883327	0.311
2019G>A	2019	G>A	TRUE	FALSE	TRUE	FALSE	TRUE	FALSE	FALSE	Retained	< 3 confident cells	< 3 confident cells	FALSE	2	0.306078431372549	0.553333333333333	50	0.00230966592522657	3	0.0141242937853107	0.010412147505423	0.553333333333333	0.29034288105948	0.731
2022G>A	2022	G>A	TRUE	FALSE	TRUE	FALSE	TRUE	FALSE	FALSE	Retained	< 3 confident cells	< 3 confident cells	FALSE	1	0.996951219512195	0.996951219512195	25	0.00446428571428571	3	0.0125	0.00754567116759333	0.996951219512195	1.25907946456797	0.963
2023T>C	2023	T>C	TRUE	FALSE	FALSE	FALSE	FALSE	FALSE	FALSE	strand r only	< 3 confident cells	< 3 confident cells	FALSE	4	0.072836780540708	0.0916666666666667	159	0.00244498777506113	16	0.0193545497587879	0.00709219858156028	0.0916666666666667	0.0177316872307831	-0.124
2029A>T	2029	A>T	TRUE	FALSE	FALSE	FALSE	FALSE	FALSE	FALSE	strand r only	< 3 confident cells	< 3 confident cells	FALSE	1	0.0555555555555556	0.0555555555555556	25	0.0029585798816568	2	0.00659769806627813	0.00478260869565217	0.0084127874369041	0.0103673016376208	-0.127
2031A>G	2031	A>G	TRUE	TRUE	FALSE	TRUE	FALSE	TRUE	TRUE	strand r only	Retained	Retained	FALSE	16	0.0770595690747782	0.255639097744361	135	0.00443786982248521	34	0.0351641285956007	0.00464330941325454	0.255639097744361	0.0614673150087137	0.188
2032G>A	2032	G>A	TRUE	FALSE	TRUE	FALSE	TRUE	FALSE	FALSE	Retained	< 3 confident cells	< 3 confident cells	FALSE	2	0.552614379084967	0.994117647058824	31	0.00352733686067019	7	0.0257352941176471	0.00458591853250607	0.994117647058824	0.900777655411266	0.87
2032G>T	2032	G>T	TRUE	FALSE	FALSE	FALSE	FALSE	FALSE	FALSE	VMR and strand r	< 3 confident cells	< 3 confident cells	FALSE	2	0.0694444444444445	0.0833333333333333	206	0.00169134674110023	1	0.00576784426820476	0.00576784426820476	0.00576784426820476	0.00784364641970058	-0.533
2033A>G	2033	A>G	TRUE	TRUE	FALSE	TRUE	FALSE	TRUE	TRUE	strand r only	Retained	Retained	FALSE	21	0.0745341614906832	0.465753424657534	172	0.00658845187241365	50	0.0276865235800847	0.00408830744071954	0.465753424657534	0.113476908104793	-0.04
2033A>T	2033	A>T	TRUE	TRUE	FALSE	TRUE	FALSE	TRUE	TRUE	strand r only	Retained	Retained	FALSE	10	0.109812066110901	0.178294573643411	155	0.00476758045292014	37	0.0151228733459357	0.00459087226573049	0.178294573643411	0.0528451847807381	0.033
2041T>C	2041	T>C	TRUE	TRUE	FALSE	FALSE	FALSE	TRUE	FALSE	strand r only	Retained	< 10 cells at AF >= 0.05	FALSE	6	0.121003448786096	0.258064516129032	92	0.0026367934366961	15	0.0241187384044527	0.00445859872611465	0.258064516129032	0.0454934803074431	0.483
2042T>C	2042	T>C	TRUE	FALSE	FALSE	FALSE	FALSE	FALSE	FALSE	strand r only	< 3 confident cells	< 3 confident cells	FALSE	1	0.0625	0.0625	55	0.00272851296043656	6	0.0259485826236456	0.0062111801242236	0.0625	0.010631307286791	-0.106
2047T>C	2047	T>C	TRUE	TRUE	FALSE	FALSE	FALSE	TRUE	FALSE	strand r only	Retained	< 10 cells at AF >= 0.05	FALSE	6	0.14375	0.517543859649123	133	0.00421644413211525	23	0.0141509433962264	0.0052983825989961	0.517543859649123	0.205803326528924	0.177
2049T>A	2049	T>A	TRUE	FALSE	FALSE	FALSE	FALSE	FALSE	FALSE	strand r only	< 3 confident cells	< 3 confident cells	FALSE	2	0.0720779220779221	0.0857142857142857	56	0.00443812140240712	7	0.0188679245283019	0.00782190132370638	0.0584415584415584	0.0184450511139017	-0.108
2052A>T	2052	A>T	TRUE	TRUE	FALSE	FALSE	FALSE	TRUE	FALSE	strand r only	Retained	< 10 cells at AF >= 0.05	FALSE	8	0.083728365119612	0.236220472440945	122	0.00377717856531416	24	0.0256404892852201	0.00407608695652174	0.236220472440945	0.0506777629517139	0.232
2053T>A	2053	T>A	TRUE	FALSE	FALSE	FALSE	FALSE	FALSE	FALSE	strand r only	< 3 confident cells	< 3 confident cells	FALSE	2	0.062058874160785	0.0700636942675159	132	0.00212559295233793	5	0.0485436893203884	0.0135746606334842	0.0700636942675159	0.0146335579207639	-0.077
2056G>A	2056	G>A	TRUE	FALSE	FALSE	FALSE	FALSE	FALSE	FALSE	strand r only	< 3 confident cells	< 3 confident cells	FALSE	4	0.0839160839160839	0.931818181818182	193	0.00263388937664618	9	0.0211267605633803	0.00852878464818763	0.931818181818182	0.425836936319153	0.304
2056G>C	2056	G>C	TRUE	FALSE	FALSE	FALSE	FALSE	FALSE	FALSE	strand r only	< 3 confident cells	< 3 confident cells	FALSE	2	0.096183800623053	0.109034267912773	34	0.00345134316224162	6	0.026017398260174	0.00841482829201729	0.109034267912773	0.0352583967255101	0.128
2056G>T	2056	G>T	TRUE	FALSE	FALSE	FALSE	FALSE	FALSE	FALSE	strand r only	< 3 confident cells	< 3 confident cells	FALSE	5	0.0597014925373134	0.0909090909090909	544	0.00224782685859407	14	0.0255881155881156	0.00653206650831354	0.0597014925373134	0.010858907108012	-0.174
2057C>A	2057	C>A	TRUE	FALSE	FALSE	FALSE	FALSE	FALSE	FALSE	VMR and strand r	< 3 confident cells	< 3 confident cells	FALSE	2	0.0557275541795666	0.0588235294117647	299	0.00157977883096367	0				0.00713408649092897	-0.488
2057C>T	2057	C>T	TRUE	TRUE	FALSE	FALSE	FALSE	TRUE	FALSE	strand r only	Retained	< 10 cells at AF >= 0.05	FALSE	9	0.0625	0.125	605	0.00251256281407035	15	0.0129259694477086	0.00310283687943262	0.125	0.013519125137061	0.083
2058C>A	2058	C>A	TRUE	FALSE	FALSE	FALSE	FALSE	FALSE	FALSE	VMR and strand r	< 3 confident cells	< 3 confident cells	FALSE	0			379	0.00180995475113122	0				0.00449690706878312	-0.256
2059C>A	2059	C>A	TRUE	FALSE	FALSE	FALSE	FALSE	FALSE	FALSE	strand r only	< 3 confident cells	< 3 confident cells	FALSE	3	0.0625	0.0666666666666667	246	0.0016472218365766	1	0.0161290322580645	0.0161290322580645	0.0161290322580645	0.0100959017613071	-0.413
2060A>C	2060	A>C	TRUE	TRUE	FALSE	TRUE	FALSE	TRUE	TRUE	strand r only	Retained	Retained	FALSE	11	0.0952380952380952	0.387931034482759	105	0.00609756097560976	33	0.0264797507788162	0.00468933177022274	0.387931034482759	0.142321340412472	0.372
2060A>G	2060	A>G	TRUE	TRUE	FALSE	FALSE	FALSE	TRUE	FALSE	strand r only	Retained	< 10 cells at AF >= 0.05	FALSE	3	0.0714285714285714	0.122137404580153	66	0.00246573849549083	6	0.0282860660946934	0.00932835820895522	0.122137404580153	0.0223759763241248	0.2
2060A>T	2060	A>T	TRUE	TRUE	FALSE	FALSE	FALSE	TRUE	FALSE	VMR and strand r	Retained	< 10 cells at AF >= 0.05	FALSE	0			43	0.0016	4	0.0241925406132846	0.0143540669856459	0.0390879478827362	0.0086308902460623	0.433
2061C>T	2061	C>T	TRUE	TRUE	FALSE	TRUE	FALSE	TRUE	TRUE	strand r only	Retained	Retained	FALSE	135	0.0886075949367089	0.626865671641791	993	0.00992282249173098	547	0.0223123732251521	0.00266557309821612	0.626865671641791	0.115564474244026	0.443
2062A>G	2062	A>G	TRUE	FALSE	FALSE	FALSE	FALSE	FALSE	FALSE	VMR and strand r	< 3 confident cells	< 3 confident cells	FALSE	0			217	0.00185185185185185	4	0.02148314628325	0.00711743772241993	0.0434782608695652	0.00754765507297574	-0.093
2063G>T	2063	G>T	TRUE	TRUE	FALSE	TRUE	FALSE	TRUE	TRUE	strand r only	Retained	Retained	FALSE	133	0.0869565217391304	0.626865671641791	1143	0.00833333333333333	559	0.0217270194986072	0.00215084599942644	0.626865671641791	0.1055443996932	0.451
2064A>G	2064	A>G	TRUE	FALSE	TRUE	FALSE	TRUE	FALSE	FALSE	Retained	< 3 confident cells	< 3 confident cells	FALSE	3	0.144578313253012	1	79	0.00260078023407022	2	0.572289156626506	0.144578313253012	1	0.74064200709995	0.95
2067C>A	2067	C>A	TRUE	FALSE	FALSE	FALSE	FALSE	FALSE	FALSE	VMR and strand r	< 3 confident cells	< 3 confident cells	FALSE	2	0.0678733031674208	0.0769230769230769	354	0.00174178501678075	0				0.00723749253872821	-0.387
2068C>A	2068	C>A	TRUE	FALSE	FALSE	FALSE	FALSE	FALSE	FALSE	VMR and strand r	< 3 confident cells	< 3 confident cells	FALSE	3	0.0769230769230769	0.1	254	0.00165289256198347	3	0.0143589743589744	0.00937766410912191	0.0351351351351351	0.0058764414452912	-0.248
2068C>T	2068	C>T	TRUE	TRUE	FALSE	FALSE	FALSE	TRUE	FALSE	strand r only	Retained	< 10 cells at AF >= 0.05	FALSE	6	0.089202786377709	0.166666666666667	50	0.00518502973067506	18	0.0304771536269192	0.00503672612801679	0.166666666666667	0.097594389801162	0.313
2069T>A	2069	T>A	TRUE	FALSE	FALSE	FALSE	FALSE	FALSE	FALSE	strand r only	< 3 confident cells	< 3 confident cells	FALSE	4	0.0588235294117647	0.0638297872340426	363	0.00186393289841566	5	0.0159574468085106	0.00960219478737997	0.0638297872340426	0.0455118811238396	-0.083
2069T>C	2069	T>C	TRUE	TRUE	FALSE	FALSE	FALSE	TRUE	FALSE	strand r only	Retained	< 10 cells at AF >= 0.05	FALSE	9	0.103130755064457	0.297674418604651	329	0.00327600327600328	36	0.0268147451240379	0.00421417947446703	0.297674418604651	0.0506416254431269	0.424
2070C>T	2070	C>T	TRUE	TRUE	FALSE	FALSE	FALSE	TRUE	FALSE	strand r only	Retained	< 10 cells at AF >= 0.05	FALSE	2	0.269048804780877	0.350597609561753	56	0.00537004585063735	19	0.0120300751879699	0.00557526609224531	0.350597609561753	0.146764016520095	0.515
2071T>A	2071	T>A	TRUE	TRUE	FALSE	FALSE	FALSE	TRUE	FALSE	strand r only	Retained	< 10 cells at AF >= 0.05	FALSE	4	0.159916617033949	0.4375	127	0.0023696682464455	10	0.0133825161381078	0.00368867576540022	0.4375	0.115840450984	0.528
2071T>C	2071	T>C	TRUE	FALSE	FALSE	FALSE	FALSE	FALSE	FALSE	strand r only	< 3 confident cells	< 3 confident cells	FALSE	5	0.0588235294117647	0.101449275362319	96	0.00283031210866262	9	0.0215827338129496	0.0121580547112462	0.101449275362319	0.0222260819059216	0.026
2072A>G	2072	A>G	TRUE	FALSE	FALSE	FALSE	FALSE	FALSE	FALSE	strand r only	< 3 confident cells	< 3 confident cells	FALSE	1	0.195238095238095	0.195238095238095	36	0.00247115589515663	3	0.0352941176470588	0.00970873786407767	0.195238095238095	0.0549846586855754	0.397
2075T>C	2075	T>C	TRUE	TRUE	FALSE	TRUE	FALSE	TRUE	TRUE	strand r only	Retained	Retained	FALSE	17	0.0769230769230769	0.994818652849741	354	0.0032011082966497	46	0.0181934214931369	0.00372670807453416	0.994818652849741	0.247359324474636	0.397
2076C>A	2076	C>A	TRUE	FALSE	FALSE	FALSE	FALSE	FALSE	FALSE	strand r only	< 3 confident cells	< 3 confident cells	FALSE	5	0.0666666666666667	0.0833333333333333	255	0.00229357798165138	5	0.012448132780083	0.00480076812289966	0.0666666666666667	0.0904091984625751	-0.424
2076C>T	2076	C>T	TRUE	TRUE	FALSE	FALSE	FALSE	TRUE	FALSE	strand r only	Retained	< 10 cells at AF >= 0.05	FALSE	6	0.0900666826865313	0.286885245901639	60	0.00396204594202671	14	0.03001516367853	0.00831792975970425	0.286885245901639	0.122012345167116	0.116
2077C>A	2077	C>A	TRUE	FALSE	FALSE	FALSE	FALSE	FALSE	FALSE	VMR and strand r	< 3 confident cells	< 3 confident cells	FALSE	1	0.0714285714285714	0.0714285714285714	297	0.00162866449511401	0				0.00804508271163627	-0.403
2078C>A	2078	C>A	TRUE	FALSE	FALSE	FALSE	FALSE	FALSE	FALSE	strand r only	< 3 confident cells	< 3 confident cells	FALSE	0			371	0.0016597510373444	1	0.00681474003028773	0.00681474003028773	0.00681474003028773	0.013241878152312	-0.124
2079C>A	2079	C>A	TRUE	TRUE	FALSE	FALSE	FALSE	TRUE	FALSE	VMR and strand r	Retained	< 10 cells at AF >= 0.05	FALSE	3	0.0526315789473684	0.0769230769230769	736	0.0025249337607328	8	0.00765128830727145	0.00280232808794999	0.0268817204301075	0.00779370070343572	0.063
2080T>A	2080	T>A	TRUE	TRUE	FALSE	TRUE	FALSE	TRUE	TRUE	strand r only	Retained	Retained	FALSE	54	0.0810958904109589	0.575	717	0.00473186119873817	199	0.0199430199430199	0.00242195909580194	0.575	0.098104272431321	0.052
2080T>C	2080	T>C	TRUE	TRUE	FALSE	FALSE	FALSE	TRUE	FALSE	strand r only	Retained	< 10 cells at AF >= 0.05	FALSE	3	0.155555555555556	0.275862068965517	290	0.00234203598069329	8	0.0249981439647035	0.00408997955010225	0.275862068965517	0.0403787974764829	0.055
2080T>G	2080	T>G	TRUE	FALSE	FALSE	FALSE	FALSE	FALSE	FALSE	strand r only	< 3 confident cells	< 3 confident cells	FALSE	6	0.0741758241758242	0.1	209	0.00211416490486258	2	0.0317457216535125	0.0261780104712042	0.0373134328358209	0.0182968286901697	-0.533
2081T>C	2081	T>C	TRUE	TRUE	FALSE	FALSE	FALSE	TRUE	FALSE	strand r only	Retained	< 10 cells at AF >= 0.05	FALSE	3	0.094017094017094	0.105708245243129	186	0.00188794565852685	13	0.032258064516129	0.00736377025036819	0.105708245243129	0.0190852328956672	0.482
2081T>G	2081	T>G	TRUE	TRUE	FALSE	FALSE	FALSE	TRUE	FALSE	strand r only	Retained	< 10 cells at AF >= 0.05	FALSE	5	0.0666666666666667	0.296703296703297	45	0.0012531328320802	5	0.0120481927710843	0.00351969676458644	0.296703296703297	0.0848806476414079	0.196
2082G>A	2082	G>A	TRUE	TRUE	FALSE	TRUE	FALSE	TRUE	TRUE	strand r only	Retained	Retained	FALSE	51	0.0909090909090909	0.575	422	0.00580175875451466	168	0.0208209035140055	0.00261423050693339	0.575	0.145153850640494	0.187
2082G>T	2082	G>T	TRUE	TRUE	FALSE	TRUE	FALSE	TRUE	TRUE	strand r only	Retained	Retained	FALSE	24	0.0757142857142857	0.181818181818182	1595	0.00454545454545455	182	0.00638503739157259	0.00257684520522732	0.181818181818182	0.0137365048765408	0.1
2083T>C	2083	T>C	TRUE	TRUE	TRUE	FALSE	TRUE	TRUE	FALSE	Retained	Retained	< 10 cells at AF >= 0.05	FALSE	1	1	1	93	0.00204918032786885	7	0.0246478873239437	0.00718954248366013	1	0.590517406232825	0.953
2084A>G	2084	A>G	TRUE	FALSE	FALSE	FALSE	FALSE	FALSE	FALSE	strand r only	< 3 confident cells	< 3 confident cells	FALSE	2	0.0886590537246653	0.116915422885572	62	0.00214540490351998	4	0.037442721592224	0.0113186191284663	0.116915422885572	0.025045065843189	0.356
2085A>G	2085	A>G	TRUE	TRUE	FALSE	FALSE	FALSE	TRUE	FALSE	strand r only	Retained	< 10 cells at AF >= 0.05	FALSE	5	0.124203821656051	0.447154471544715	73	0.0029806259314456	7	0.0576923076923077	0.00294372294372294	0.447154471544715	0.22677143973419	0.315
2086A>T	2086	A>T	TRUE	TRUE	FALSE	FALSE	FALSE	TRUE	FALSE	strand r only	Retained	< 10 cells at AF >= 0.05	FALSE	7	0.0769230769230769	0.214634146341463	135	0.00198609731876862	16	0.025478862652601	0.00532091785833056	0.214634146341463	0.0320549417588698	0.404
2087T>A	2087	T>A	TRUE	TRUE	FALSE	FALSE	FALSE	TRUE	FALSE	strand r only	Retained	< 10 cells at AF >= 0.05	FALSE	5	0.0833333333333333	0.142857142857143	119	0.00188797986154814	7	0.00783289817232376	0.00279832100739556	0.0227272727272727	0.016008376615507	0.37
2087T>C	2087	T>C	TRUE	TRUE	TRUE	FALSE	TRUE	TRUE	FALSE	Retained	Retained	< 10 cells at AF >= 0.05	FALSE	2	0.135986733001658	0.216417910447761	82	0.00291555102214289	8	0.00959928098018129	0.00253510140405616	0.216417910447761	0.0445526127971551	0.738
2088T>A	2088	T>A	TRUE	FALSE	FALSE	FALSE	FALSE	FALSE	FALSE	VMR and strand r	< 3 confident cells	< 3 confident cells	FALSE	1	0.0555555555555556	0.0555555555555556	107	0.00151057401812689	1	0.0069848661233993	0.0069848661233993	0.0069848661233993	0.00700274605677261	-0.158
2088T>C	2088	T>C	TRUE	TRUE	TRUE	FALSE	TRUE	TRUE	FALSE	Retained	Retained	< 10 cells at AF >= 0.05	FALSE	5	0.991689750692521	1	86	0.0015918342009347	6	0.885225406319712	0.0155555555555556	1	0.926135318508449	0.968
2089T>C	2089	T>C	TRUE	FALSE	FALSE	FALSE	FALSE	FALSE	FALSE	VMR and strand r	< 3 confident cells	< 3 confident cells	FALSE	0			76	0.00212448608422126	2	0.0140479664310165	0.00831353919239905	0.019782393669634	0.00554175608949922	-0.171
2091A>T	2091	A>T	TRUE	TRUE	FALSE	TRUE	FALSE	TRUE	TRUE	strand r only	Retained	Retained	FALSE	94	0.0963813661151678	0.82	682	0.00771213322759715	260	0.0327835891574999	0.0035741639009446	0.82	0.189715288326176	-0.249
2092C>A	2092	C>A	TRUE	FALSE	FALSE	TRUE	FALSE	FALSE	FALSE	strand r only	< 3 confident cells	< 3 confident cells	FALSE	100	0.0977942113986995	0.82	716	0.00859247279694834	269	0.0320027529249828	0.00357873210633947	0.82	0.186710169890916	-0.105
2092C>T	2092	C>T	TRUE	TRUE	FALSE	FALSE	FALSE	TRUE	FALSE	strand r only	Retained	< 10 cells at AF >= 0.05	FALSE	4	0.0966969147005445	0.101092896174863	68	0.00327052400292962	10	0.0147303107289427	0.00676090964966195	0.101092896174863	0.0306782775105406	0.621
2093T>C	2093	T>C	TRUE	FALSE	FALSE	FALSE	FALSE	FALSE	FALSE	strand r only	< 3 confident cells	< 3 confident cells	FALSE	3	0.121212121212121	0.157232704402516	142	0.00171511328716569	5	0.0119760479041916	0.0046044370029301	0.157232704402516	0.0523450130462585	0.081
2094G>A	2094	G>A	TRUE	FALSE	FALSE	FALSE	FALSE	FALSE	FALSE	VMR and strand r	< 3 confident cells	< 3 confident cells	FALSE	1	0.0555555555555556	0.0555555555555556	43	0.00425531914893617	3	0.0158013544018059	0.0107095046854083	0.0185029436501262	0.00786243097407667	0.46
2095T>A	2095	T>A	TRUE	FALSE	FALSE	FALSE	FALSE	FALSE	FALSE	VMR and strand r	< 3 confident cells	< 3 confident cells	FALSE	1	0.0588235294117647	0.0588235294117647	51	0.0016220600162206	0				0.00920259712327148	-0.629
2095T>C	2095	T>C	TRUE	FALSE	FALSE	FALSE	FALSE	FALSE	FALSE	strand r only	< 3 confident cells	< 3 confident cells	FALSE	1	0.0526315789473684	0.0526315789473684	92	0.00215518242411575	3	0.0129310344827586	0.00831600831600832	0.0131578947368421	0.0117550574456357	-0.146
2096T>C	2096	T>C	TRUE	FALSE	TRUE	FALSE	TRUE	FALSE	FALSE	Retained	< 3 confident cells	< 3 confident cells	FALSE	3	0.43733681462141	0.593989393046553	76	0.00270454121545264	4	0.246065667584678	0.0483870967741936	0.593989393046553	0.118074092139294	0.992
2096T>G	2096	T>G	TRUE	TRUE	FALSE	TRUE	FALSE	TRUE	TRUE	strand r only	Retained	Retained	FALSE	96	0.0982404692082111	0.854166666666667	568	0.0106842109884706	259	0.0332369942196532	0.00369490630773291	0.854166666666667	0.21245252208514	-0.195
2097A>G	2097	A>G	TRUE	TRUE	TRUE	FALSE	TRUE	TRUE	FALSE	Retained	Retained	< 10 cells at AF >= 0.05	FALSE	6	0.114906832298137	1	175	0.00338983050847458	12	0.020090945793757	0.00585556278464541	1	0.397698543576182	0.822
2097A>T	2097	A>T	TRUE	TRUE	FALSE	FALSE	FALSE	TRUE	FALSE	VMR and strand r	Retained	< 10 cells at AF >= 0.05	FALSE	0			54	0.00129828319850459	3	0.00583791208791209	0.00427236315086782	0.0210803689064559	0.00750752971500568	0.253
2098G>A	2098	G>A	TRUE	TRUE	TRUE	FALSE	TRUE	TRUE	FALSE	Retained	Retained	< 10 cells at AF >= 0.05	FALSE	4	0.580188679245283	1	31	0.00376647834274953	6	0.125232774674115	0.0143737166324435	1	1.51562267911952	0.902
2098G>C	2098	G>C	TRUE	TRUE	FALSE	FALSE	FALSE	TRUE	FALSE	strand r only	Retained	< 10 cells at AF >= 0.05	FALSE	1	0.142045454545455	0.142045454545455	11	0.00425531914893617	3	0.0215557638238051	0.00719942404607631	0.142045454545455	0.0564855892918017	0.359
2098G>T	2098	G>T	TRUE	FALSE	FALSE	FALSE	FALSE	FALSE	FALSE	strand r only	< 3 confident cells	< 3 confident cells	FALSE	1	0.05	0.05	170	0.0017606916106157	1	0.0087719298245614	0.0087719298245614	0.0087719298245614	0.0151366222926575	-0.324
2099T>C	2099	T>C	TRUE	TRUE	FALSE	FALSE	FALSE	TRUE	FALSE	strand r only	Retained	< 10 cells at AF >= 0.05	FALSE	8	0.116969814241486	0.82051282051282	196	0.00226186905715808	17	0.0123511248345832	0.00662617338487024	0.82051282051282	0.275486946027632	0.342
2100C>A	2100	C>A	TRUE	FALSE	FALSE	FALSE	FALSE	FALSE	FALSE	strand r only	< 3 confident cells	< 3 confident cells	FALSE	5	0.0909090909090909	0.178694158075601	251	0.00178147268408551	1	0.178694158075601	0.178694158075601	0.178694158075601	0.0459731078651996	0.233
2101C>A	2101	C>A	TRUE	TRUE	FALSE	TRUE	FALSE	TRUE	TRUE	strand r only	Retained	Retained	FALSE	10	0.0732142857142857	0.35632183908046	523	0.00219418540866703	26	0.0144110622685265	0.00204498977505112	0.35632183908046	0.0322615626595091	0.142
2103A>G	2103	A>G	TRUE	FALSE	FALSE	FALSE	FALSE	FALSE	FALSE	strand r only	< 3 confident cells	< 3 confident cells	FALSE	2	0.132937518778331	0.172995780590717	60	0.00266381392976316	5	0.029535864978903	0.0139211136890951	0.172995780590717	0.0449586434033154	0.231
2104A>G	2104	A>G	TRUE	TRUE	FALSE	FALSE	FALSE	TRUE	FALSE	strand r only	Retained	< 10 cells at AF >= 0.05	FALSE	2	0.155050505050505	0.204545454545455	75	0.00336700336700337	9	0.0144927536231884	0.00789313904068002	0.204545454545455	0.049062591926525	0.433
2105G>T	2105	G>T	TRUE	FALSE	FALSE	FALSE	FALSE	FALSE	FALSE	strand r only	< 3 confident cells	< 3 confident cells	FALSE	3	0.0909090909090909	0.1	255	0.00166805671392827	1	0.0207100591715976	0.0207100591715976	0.0207100591715976	0.0120662242136429	-0.399
2106A>G	2106	A>G	TRUE	FALSE	FALSE	FALSE	FALSE	FALSE	FALSE	strand r only	< 3 confident cells	< 3 confident cells	FALSE	1	0.0869565217391304	0.0869565217391304	92	0.00218938215563667	2	0.00900458949726304	0.00477960701009028	0.0132295719844358	0.0124959582508706	-0.085
2107G>T	2107	G>T	TRUE	FALSE	FALSE	FALSE	FALSE	FALSE	FALSE	VMR and strand r	< 3 confident cells	< 3 confident cells	FALSE	2	0.054093567251462	0.0555555555555556	540	0.00203675607915545	0				0.00868443090979167	-0.149
2108G>T	2108	G>T	TRUE	FALSE	FALSE	TRUE	FALSE	FALSE	FALSE	strand r only	< 3 confident cells	< 3 confident cells	FALSE	16	0.0722222222222222	0.222222222222222	742	0.00289164752837299	26	0.0142278443262588	0.00237144283574638	0.222222222222222	0.0191469457462274	-0.142
2109A>G	2109	A>G	TRUE	TRUE	FALSE	FALSE	FALSE	TRUE	FALSE	strand r only	Retained	< 10 cells at AF >= 0.05	FALSE	7	0.173387096774194	0.290123456790123	87	0.00226757369614512	8	0.0673641338142022	0.0202643171806167	0.290123456790123	0.112198033731001	0.184
2110A>G	2110	A>G	TRUE	TRUE	TRUE	FALSE	TRUE	TRUE	FALSE	Retained	Retained	< 10 cells at AF >= 0.05	FALSE	3	0.228395061728395	1	92	0.00208801028748284	4	0.213806905864198	0.00522739153162572	1	0.628586199015437	0.89
2111C>T	2111	C>T	TRUE	FALSE	FALSE	FALSE	FALSE	FALSE	FALSE	strand r only	< 3 confident cells	< 3 confident cells	FALSE	2	0.0563492063492063	0.0571428571428571	68	0.00223921696247528	5	0.00797057020232986	0.00446609825416159	0.0145658263305322	0.012846621858327	-0.081
2112A>G	2112	A>G	TRUE	TRUE	FALSE	FALSE	FALSE	TRUE	FALSE	VMR and strand r	Retained	< 10 cells at AF >= 0.05	FALSE	1	0.0689655172413793	0.0689655172413793	168	0.00310815510346027	10	0.0138630821042852	0.00497287522603978	0.0689655172413793	0.00956005579054057	-0.06
2113G>A	2113	G>A	TRUE	TRUE	FALSE	FALSE	FALSE	TRUE	FALSE	strand r only	Retained	< 10 cells at AF >= 0.05	FALSE	4	0.11712741633756	0.464788732394366	234	0.0027269381336367	10	0.00814682409904487	0.00506678949792722	0.464788732394366	0.094610882292646	0.19
2114C>T	2114	C>T	TRUE	FALSE	FALSE	FALSE	FALSE	FALSE	FALSE	strand r only	< 3 confident cells	< 3 confident cells	FALSE	0			59	0.00335570469798658	1	0.0151202749140893	0.0151202749140893	0.0151202749140893	0.024421087982317	0.24
2115T>C	2115	T>C	TRUE	FALSE	FALSE	FALSE	FALSE	FALSE	FALSE	strand r only	< 3 confident cells	< 3 confident cells	FALSE	3	0.0626349892008639	0.0909090909090909	116	0.0023670622195211	8	0.01017834624392	0.00563587356040186	0.0626349892008639	0.0104935306768216	-0.015
2116C>T	2116	C>T	TRUE	TRUE	FALSE	FALSE	FALSE	TRUE	FALSE	strand r only	Retained	< 10 cells at AF >= 0.05	FALSE	7	0.0876623376623377	0.482758620689655	55	0.00634920634920635	20	0.0134100579513418	0.00195843760200196	0.482758620689655	0.0543341223858013	-0.016
2117T>C	2117	T>C	TRUE	TRUE	FALSE	FALSE	FALSE	TRUE	FALSE	strand r only	Retained	< 10 cells at AF >= 0.05	FALSE	9	0.0963302752293578	0.5	105	0.00327868852459016	23	0.0425531914893617	0.00379027163613392	0.5	0.0394080226387133	0.235
2118T>C	2118	T>C	TRUE	FALSE	FALSE	FALSE	FALSE	FALSE	FALSE	strand r only	< 3 confident cells	< 3 confident cells	FALSE	1	0.0764192139737991	0.0764192139737991	81	0.00183654729109275	5	0.0135610246107484	0.00630914826498423	0.0764192139737991	0.0114327396561055	0.023
2120G>T	2120	G>T	TRUE	FALSE	FALSE	FALSE	FALSE	FALSE	FALSE	VMR and strand r	< 3 confident cells	< 3 confident cells	FALSE	2	0.0884615384615385	0.1	317	0.00186393289841566	0				0.00791511856180696	-0.357
2122A>G	2122	A>G	TRUE	TRUE	FALSE	FALSE	FALSE	TRUE	FALSE	strand r only	Retained	< 10 cells at AF >= 0.05	FALSE	1	0.0625	0.0625	138	0.00240386004449453	7	0.0177646188008882	0.00661084178052005	0.0625	0.0105410458960559	0.21
2124A>G	2124	A>G	TRUE	TRUE	FALSE	FALSE	FALSE	TRUE	FALSE	strand r only	Retained	< 10 cells at AF >= 0.05	FALSE	3	0.171428571428571	0.48	63	0.00285306704707561	5	0.0628272251308901	0.00801201802704056	0.48	0.251761632989902	0.487
2125C>T	2125	C>T	TRUE	TRUE	TRUE	FALSE	TRUE	TRUE	FALSE	Retained	Retained	< 10 cells at AF >= 0.05	FALSE	5	0.12589928057554	0.998466257668712	75	0.00591966173361522	25	0.01931330472103	0.00462962962962963	0.998466257668712	0.353260569642269	0.979
2126T>C	2126	T>C	TRUE	TRUE	FALSE	FALSE	FALSE	TRUE	FALSE	strand r only	Retained	< 10 cells at AF >= 0.05	FALSE	2	0.131081081081081	0.162162162162162	110	0.00249473075560032	4	0.0104021454185188	0.00367917586460633	0.162162162162162	0.0133775045967588	0.283
2127A>G	2127	A>G	TRUE	TRUE	FALSE	FALSE	FALSE	TRUE	FALSE	strand r only	Retained	< 10 cells at AF >= 0.05	FALSE	9	0.0661290322580645	0.114583333333333	190	0.00425601274992756	44	0.0162738276524157	0.00350010294420424	0.114583333333333	0.0222747064738035	0.332
2128G>A	2128	G>A	TRUE	FALSE	FALSE	FALSE	FALSE	FALSE	FALSE	strand r only	< 3 confident cells	< 3 confident cells	FALSE	1	0.158653846153846	0.158653846153846	49	0.00269541778975741	6	0.0228867504546812	0.0105708245243129	0.158653846153846	0.0395543777844222	0.341
2128G>T	2128	G>T	TRUE	TRUE	FALSE	FALSE	FALSE	TRUE	FALSE	strand r only	Retained	< 10 cells at AF >= 0.05	FALSE	3	0.0555555555555556	0.0666666666666667	616	0.00242943355023387	1	0.00805152979066022	0.00805152979066022	0.00805152979066022	0.0100596731215817	-0.105
2129G>A	2129	G>A	TRUE	TRUE	FALSE	TRUE	FALSE	TRUE	TRUE	strand r only	Retained	Retained	FALSE	31	0.0822942643391521	0.363636363636364	371	0.00684931506849315	149	0.0173553719008264	0.00322638465674852	0.363636363636364	0.124329166895328	0.162
2129G>T	2129	G>T	TRUE	FALSE	FALSE	TRUE	FALSE	FALSE	FALSE	strand r only	< 3 confident cells	< 3 confident cells	FALSE	33	0.0769230769230769	0.230769230769231	1003	0.00369843527738265	106	0.014326344184107	0.00217323812480596	0.230769230769231	0.0341399327723063	-0.02
2130A>G	2130	A>G	TRUE	TRUE	FALSE	TRUE	FALSE	TRUE	TRUE	strand r only	Retained	Retained	FALSE	42	0.0838240706661759	0.611111111111111	362	0.00689899715853653	147	0.0190615835777126	0.00232054455445545	0.611111111111111	0.0724972683078875	0.113
2131A>G	2131	A>G	TRUE	TRUE	FALSE	FALSE	FALSE	TRUE	FALSE	strand r only	Retained	< 10 cells at AF >= 0.05	FALSE	1	0.0895522388059701	0.0895522388059701	77	0.0025062656641604	8	0.0161555133827684	0.00509915014164306	0.0895522388059701	0.0148475031692827	-0.094
2132A>G	2132	A>G	TRUE	FALSE	FALSE	FALSE	FALSE	FALSE	FALSE	strand r only	< 3 confident cells	< 3 confident cells	FALSE	1	0.326315789473684	0.326315789473684	59	0.00294985250737463	6	0.0210618333112026	0.00821799307958477	0.326315789473684	0.103802764910685	-0.085
2134A>G	2134	A>G	TRUE	FALSE	FALSE	FALSE	FALSE	FALSE	FALSE	VMR and strand r	< 3 confident cells	< 3 confident cells	FALSE	0			59	0.00179694519317161	4	0.0127998672524416	0.00786163522012579	0.0231481481481482	0.00758011362179199	-0.004
2135A>G	2135	A>G	TRUE	FALSE	FALSE	FALSE	FALSE	FALSE	FALSE	VMR and strand r	< 3 confident cells	< 3 confident cells	FALSE	1	0.0588235294117647	0.0588235294117647	59	0.00383141762452107	2	0.0131880496100879	0.00660569105691057	0.0197704081632653	0.00765046239333817	0.056
2135A>T	2135	A>T	TRUE	FALSE	FALSE	FALSE	FALSE	FALSE	FALSE	VMR and strand r	< 3 confident cells	< 3 confident cells	FALSE	1	0.0689655172413793	0.0689655172413793	271	0.00169061707523246	0				0.00870514405665402	-0.458
2136C>A	2136	C>A	TRUE	FALSE	FALSE	FALSE	FALSE	FALSE	FALSE	strand r only	< 3 confident cells	< 3 confident cells	FALSE	5	0.0740740740740741	0.1	420	0.00266786556519841	6	0.0297389816003423	0.00454316002019182	0.0625	0.024637263621261	-0.375
2137C>A	2137	C>A	TRUE	FALSE	FALSE	FALSE	FALSE	FALSE	FALSE	strand r only	< 3 confident cells	< 3 confident cells	FALSE	3	0.0909090909090909	0.0909090909090909	494	0.002227172719697	0				0.0113843466346538	-0.331
2138T>C	2138	T>C	TRUE	FALSE	TRUE	FALSE	TRUE	FALSE	FALSE	Retained	< 3 confident cells	< 3 confident cells	FALSE	2	0.0702965914121293	0.0739265161575919	74	0.00199941370074753	5	0.0192837465564738	0.00936123348017621	0.0739265161575919	0.0288494658917629	0.917
2139T>C	2139	T>C	TRUE	TRUE	FALSE	FALSE	FALSE	TRUE	FALSE	strand r only	Retained	< 10 cells at AF >= 0.05	FALSE	2	0.0661555463461804	0.0771929824561404	80	0.00342801750727022	10	0.0168071258826916	0.00413736036408771	0.0771929824561404	0.0146812398176001	-0.041
2139T>G	2139	T>G	TRUE	FALSE	FALSE	FALSE	FALSE	FALSE	FALSE	strand r only	< 3 confident cells	< 3 confident cells	FALSE	3	0.0909090909090909	0.1	114	0.00134514564797439	4	0.00710078727058715	0.00450225112556278	0.00841219768664564	0.0116956869728402	-0.122
2140G>A	2140	G>A	TRUE	FALSE	FALSE	TRUE	FALSE	FALSE	FALSE	strand r only	< 3 confident cells	< 3 confident cells	FALSE	20	0.0863718820861678	0.442307692307692	68	0.0151559813313682	34	0.0589810392242003	0.00348857491714635	0.442307692307692	0.247017579310498	-0.096
2140G>T	2140	G>T	TRUE	FALSE	FALSE	FALSE	FALSE	FALSE	FALSE	strand r only	< 3 confident cells	< 3 confident cells	FALSE	2	0.0574927255092144	0.0649854510184287	213	0.00177698800533096	3	0.0397946084724005	0.0183150183150183	0.0649854510184287	0.0136320362037265	0.426
2141T>G	2141	T>G	TRUE	TRUE	FALSE	TRUE	FALSE	TRUE	TRUE	strand r only	Retained	Retained	FALSE	11	0.103833865814696	0.409448818897638	52	0.00902962040396383	19	0.0559284116331096	0.00958466453674121	0.409448818897638	0.138542029466461	0.481
2142A>G	2142	A>G	TRUE	TRUE	TRUE	FALSE	TRUE	TRUE	FALSE	Retained	Retained	< 10 cells at AF >= 0.05	FALSE	2	0.997572815533981	1	107	0.00189214758751183	11	0.0175	0.0111111111111111	1	0.712550139501589	0.742
2148A>G	2148	A>G	TRUE	FALSE	FALSE	FALSE	FALSE	FALSE	FALSE	strand r only	< 3 confident cells	< 3 confident cells	FALSE	2	0.0679220044245511	0.0771929824561404	87	0.00175284837861525	7	0.0109179134654266	0.00409074005206396	0.0771929824561404	0.0124363345698613	0.007
2149G>A	2149	G>A	TRUE	TRUE	TRUE	FALSE	TRUE	TRUE	FALSE	Retained	Retained	< 10 cells at AF >= 0.05	FALSE	4	0.658045977011494	1	34	0.00325348670872234	9	0.0217917675544794	0.00261145308711061	1	1.30965677035479	0.961
2150T>A	2150	T>A	TRUE	TRUE	FALSE	FALSE	FALSE	TRUE	FALSE	strand r only	Retained	< 10 cells at AF >= 0.05	FALSE	2	0.15125786163522	0.235849056603774	76	0.00449570140490669	22	0.0181068189727528	0.00506237570059664	0.235849056603774	0.0487863206447815	0.026
2156A>T	2156	A>T	TRUE	TRUE	FALSE	TRUE	FALSE	TRUE	TRUE	strand r only	Retained	Retained	FALSE	16	0.0811707218269742	0.201834862385321	426	0.00407767958832478	80	0.0137414796601201	0.00311070448307411	0.201834862385321	0.0313647607597541	0.188
2157T>A	2157	T>A	TRUE	TRUE	FALSE	TRUE	FALSE	TRUE	TRUE	strand r only	Retained	Retained	FALSE	252	0.0977379869324291	1	1390	0.0126735840224684	822	0.0238425602201299	0.00427791709691695	1	0.11801612339875	0.538
2160A>G	2160	A>G	TRUE	FALSE	FALSE	FALSE	FALSE	FALSE	FALSE	strand r only	< 3 confident cells	< 3 confident cells	FALSE	3	0.0652173913043478	0.355555555555556	105	0.00208550573514077	7	0.0340236686390533	0.00355805243445693	0.355555555555556	0.0737848828685187	-0.056
2161A>G	2161	A>G	TRUE	TRUE	FALSE	FALSE	FALSE	TRUE	FALSE	strand r only	Retained	< 10 cells at AF >= 0.05	FALSE	3	0.0664451827242525	0.06875	76	0.00237052016627345	8	0.0365125431145822	0.00767754318618042	0.06875	0.0148802046602203	0.37
2162C>T	2162	C>T	TRUE	TRUE	FALSE	FALSE	FALSE	TRUE	FALSE	strand r only	Retained	< 10 cells at AF >= 0.05	FALSE	8	0.0892857142857143	0.553191489361702	65	0.00666666666666667	27	0.0185979971387697	0.003725782414307	0.553191489361702	0.0443489026349166	-0.01
2163A>C	2163	A>C	TRUE	TRUE	FALSE	FALSE	FALSE	TRUE	FALSE	strand r only	Retained	< 10 cells at AF >= 0.05	FALSE	3	0.0666666666666667	0.0983606557377049	29	0.00531914893617021	9	0.0103675777568332	0.00236108924917362	0.0983606557377049	0.0307408691964337	0.225
2163A>T	2163	A>T	TRUE	TRUE	FALSE	FALSE	FALSE	TRUE	FALSE	strand r only	Retained	< 10 cells at AF >= 0.05	FALSE	4	0.0627359153280569	0.180327868852459	52	0.00249255630644544	8	0.0448964156138837	0.00313971742543171	0.180327868852459	0.0360688263427554	0.245
2165C>A	2165	C>A	TRUE	FALSE	FALSE	FALSE	FALSE	FALSE	FALSE	VMR and strand r	< 3 confident cells	< 3 confident cells	FALSE	0			143	0.00173160173160173	0				0.00762735086233835	-0.584
2169A>G	2169	A>G	TRUE	TRUE	FALSE	TRUE	FALSE	TRUE	TRUE	strand r only	Retained	Retained	FALSE	21	0.115384615384615	0.334975369458128	131	0.00460829493087558	37	0.0625	0.00646203554119548	0.334975369458128	0.137442559440111	0.101
2170G>A	2170	G>A	TRUE	TRUE	FALSE	FALSE	FALSE	TRUE	FALSE	strand r only	Retained	< 10 cells at AF >= 0.05	FALSE	7	0.284313725490196	0.88135593220339	71	0.00599828620394173	25	0.0230769230769231	0.0031126789790413	0.88135593220339	0.783905025321069	0.119
2170G>T	2170	G>T	TRUE	TRUE	FALSE	TRUE	FALSE	TRUE	TRUE	strand r only	Retained	Retained	FALSE	15	0.124260355029586	0.448275862068966	146	0.00528005733031892	46	0.0165093898032167	0.00340136054421769	0.448275862068966	0.145097186054363	-0.044
2171T>G	2171	T>G	TRUE	TRUE	FALSE	TRUE	FALSE	TRUE	TRUE	strand r only	Retained	Retained	FALSE	22	0.10930393591741	0.519083969465649	44	0.0365572203891023	32	0.0646208268321443	0.0062402496099844	0.519083969465649	0.263044192659574	0.321
2172A>G	2172	A>G	TRUE	FALSE	FALSE	FALSE	FALSE	FALSE	FALSE	strand r only	< 3 confident cells	< 3 confident cells	FALSE	4	0.137121212121212	0.375	110	0.00199106449106449	4	0.0945389600824864	0.00453400503778338	0.375	0.104979687768508	-0.301
2174G>A	2174	G>A	TRUE	TRUE	TRUE	TRUE	TRUE	TRUE	TRUE	Retained	Retained	Retained	FALSE	13	0.997987927565392	1	259	0.00293685756240822	26	0.0548076923076923	0.00498960498960499	1	0.53075285066098	0.933
2174G>T	2174	G>T	TRUE	FALSE	FALSE	FALSE	FALSE	FALSE	FALSE	strand r only	< 3 confident cells	< 3 confident cells	FALSE	5	0.0555555555555556	0.0909090909090909	255	0.00151171579743008	0				0.0166970518462576	-0.259
2175C>A	2175	C>A	TRUE	FALSE	FALSE	FALSE	FALSE	FALSE	FALSE	VMR and strand r	< 3 confident cells	< 3 confident cells	FALSE	1	0.05	0.05	344	0.00180527181084037	0				0.00796605425003631	-0.153
2175C>T	2175	C>T	TRUE	TRUE	FALSE	FALSE	FALSE	TRUE	FALSE	strand r only	Retained	< 10 cells at AF >= 0.05	FALSE	2	0.0799854351256221	0.103896103896104	316	0.00268096996487067	15	0.0209497206703911	0.00471293916023993	0.103896103896104	0.0207137423606745	0.425
2176C>A	2176	C>A	TRUE	FALSE	FALSE	TRUE	FALSE	FALSE	FALSE	strand r only	< 3 confident cells	< 3 confident cells	FALSE	10	0.0697115384615385	0.2	405	0.00231392209795604	6	0.0275445573722198	0.00663129973474801	0.0625	0.0282693218827239	-0.111
2176C>T	2176	C>T	TRUE	FALSE	FALSE	FALSE	FALSE	FALSE	FALSE	strand r only	< 3 confident cells	< 3 confident cells	FALSE	0			20	0.00618131868131868	4	0.0183147348020937	0.0104166666666667	0.0363636363636364	0.0126664845358325	0.611
2177T>A	2177	T>A	TRUE	TRUE	FALSE	FALSE	FALSE	TRUE	FALSE	strand r only	Retained	< 10 cells at AF >= 0.05	FALSE	2	0.142900584795322	0.187134502923977	87	0.0030229746070133	14	0.0168057271195957	0.00356448476992871	0.187134502923977	0.0307252944137213	-0.014
2177T>C	2177	T>C	TRUE	TRUE	FALSE	TRUE	FALSE	TRUE	TRUE	strand r only	Retained	Retained	FALSE	10	0.0693693693693694	0.193877551020408	245	0.00265604249667995	40	0.0109596444871487	0.00261991132607819	0.193877551020408	0.0479284700436256	0.033
2178A>G	2178	A>G	TRUE	FALSE	FALSE	FALSE	FALSE	FALSE	FALSE	strand r only	< 3 confident cells	< 3 confident cells	FALSE	1	0.0714285714285714	0.0714285714285714	54	0.0028042701832882	6	0.00898954384948024	0.00655498907501821	0.0120898100172712	0.0136962983205059	0.236
2180A>G	2180	A>G	TRUE	FALSE	FALSE	FALSE	FALSE	FALSE	FALSE	strand r only	< 3 confident cells	< 3 confident cells	FALSE	2	0.196817420435511	0.333333333333333	45	0.00272108843537415	5	0.0271186440677966	0.00980898296334538	0.333333333333333	0.152452738446197	0.39
2181A>G	2181	A>G	TRUE	TRUE	FALSE	FALSE	FALSE	TRUE	FALSE	strand r only	Retained	< 10 cells at AF >= 0.05	FALSE	8	0.0855574687903573	0.1	214	0.002431147049307	10	0.0269161338330945	0.0116890707188779	0.0841584158415842	0.0263242211464132	0.417
2182G>A	2182	G>A	TRUE	TRUE	TRUE	FALSE	TRUE	TRUE	FALSE	Retained	Retained	< 10 cells at AF >= 0.05	FALSE	5	0.169902912621359	1	109	0.00323624595469256	17	0.0197530864197531	0.00488599348534202	1	0.627797934034462	0.906
2183C>T	2183	C>T	TRUE	TRUE	FALSE	FALSE	FALSE	TRUE	FALSE	strand r only	Retained	< 10 cells at AF >= 0.05	FALSE	6	0.0819397993311037	0.117647058823529	298	0.00238364668402707	15	0.0154241645244216	0.00447538538040776	0.0921658986175115	0.0143853528721819	0.123
2184A>G	2184	A>G	TRUE	FALSE	FALSE	FALSE	FALSE	FALSE	FALSE	VMR and strand r	< 3 confident cells	< 3 confident cells	FALSE	0			101	0.00174520069808028	1	0.0103857566765579	0.0103857566765579	0.0103857566765579	0.00942562179947164	-0.291
2185G>A	2185	G>A	TRUE	TRUE	FALSE	FALSE	FALSE	TRUE	FALSE	strand r only	Retained	< 10 cells at AF >= 0.05	FALSE	6	0.1074016563147	0.291666666666667	155	0.00202020202020202	8	0.035101689403905	0.004068584713746	0.291666666666667	0.122937850706939	-0.017
2186C>A	2186	C>A	TRUE	FALSE	FALSE	FALSE	FALSE	FALSE	FALSE	VMR and strand r	< 3 confident cells	< 3 confident cells	FALSE	2	0.0662393162393162	0.0769230769230769	178	0.00143223277551636	1	0.00266332445558515	0.00266332445558515	0.00266332445558515	0.0096734818351225	-0.169
2186C>T	2186	C>T	TRUE	TRUE	FALSE	FALSE	FALSE	TRUE	FALSE	strand r only	Retained	< 10 cells at AF >= 0.05	FALSE	7	0.075	0.260869565217391	540	0.00282021167163324	23	0.0114942528735632	0.00226033772104773	0.260869565217391	0.0551117557526375	0.138
2188A>C	2188	A>C	TRUE	TRUE	FALSE	TRUE	FALSE	TRUE	TRUE	strand r only	Retained	Retained	FALSE	91	0.108433734939759	0.947368421052632	646	0.00616174623413687	259	0.019311502938707	0.00270607826810991	0.947368421052632	0.185564402866649	0.006
2188A>G	2188	A>G	TRUE	FALSE	FALSE	FALSE	FALSE	FALSE	FALSE	VMR and strand r	< 3 confident cells	< 3 confident cells	FALSE	0			44	0.00193203419688088	5	0.00899280575539568	0.00792657488527326	0.0288909599254427	0.00697553166352897	0.025
2189C>T	2189	C>T	TRUE	TRUE	FALSE	FALSE	FALSE	TRUE	FALSE	strand r only	Retained	< 10 cells at AF >= 0.05	FALSE	1	0.0833333333333333	0.0833333333333333	40	0.00300668654558598	7	0.012987012987013	0.00459098497495826	0.0476190476190476	0.0186985139515483	0.075
2191A>C	2191	A>C	TRUE	TRUE	TRUE	TRUE	TRUE	TRUE	TRUE	Retained	Retained	Retained	FALSE	1903	0.106870229007634	1	3208	0.0637776387150605	2682	0.0769971839336001	0.00888324873096447	1	0.18079703817723	0.78
2192A>T	2192	A>T	TRUE	TRUE	FALSE	TRUE	FALSE	TRUE	TRUE	strand r only	Retained	Retained	FALSE	1220	0.110238493088258	1	2749	0.0415754923413567	2187	0.0573770491803279	0.00557511737089202	1	0.227784728008763	0.441
2193T>A	2193	T>A	TRUE	TRUE	FALSE	TRUE	FALSE	TRUE	TRUE	strand r only	Retained	Retained	FALSE	1264	0.110655737704918	1	2799	0.0428462127008416	2240	0.0573109942573205	0.0054590570719603	1	0.22786358816646	0.433
2194T>C	2194	T>C	TRUE	FALSE	FALSE	FALSE	FALSE	FALSE	FALSE	strand r only	< 3 confident cells	< 3 confident cells	FALSE	7	0.134831460674157	0.371428571428571	73	0.00423728813559322	21	0.0143540669856459	0.00414507772020725	0.371428571428571	0.620489517846781	-0.042
2196A>G	2196	A>G	TRUE	FALSE	FALSE	FALSE	FALSE	FALSE	FALSE	VMR and strand r	< 3 confident cells	< 3 confident cells	FALSE	0			52	0.00306625939849624	3	0.022354694485842	0.00837628865979382	0.0242214532871972	0.00937878926207882	0.293
2197G>A	2197	G>A	TRUE	TRUE	TRUE	TRUE	TRUE	TRUE	TRUE	Retained	Retained	Retained	FALSE	11	0.130044843049327	0.315151515151515	59	0.00916590284142988	27	0.0189473684210526	0.00279552715654952	0.315151515151515	0.1317502670423	0.717
2197G>T	2197	G>T	TRUE	FALSE	FALSE	FALSE	FALSE	FALSE	FALSE	VMR and strand r	< 3 confident cells	< 3 confident cells	FALSE	2	0.0607142857142857	0.0714285714285714	121	0.00168634064080944	0				0.00736453772012718	-0.473
2198A>G	2198	A>G	TRUE	TRUE	FALSE	FALSE	FALSE	TRUE	FALSE	strand r only	Retained	< 10 cells at AF >= 0.05	FALSE	3	0.176100628930818	0.220125786163522	65	0.00243013365735115	7	0.0134529147982063	0.0051930458342741	0.220125786163522	0.0770541333416358	0.052
2199A>C	2199	A>C	TRUE	FALSE	FALSE	FALSE	FALSE	FALSE	FALSE	VMR and strand r	< 3 confident cells	< 3 confident cells	FALSE	2	0.0582306830907055	0.0638297872340426	513	0.00223137658771026	1	0.00427350427350427	0.00427350427350427	0.00427350427350427	0.00950520543808079	-0.047
2200A>C	2200	A>C	TRUE	FALSE	FALSE	FALSE	FALSE	FALSE	FALSE	strand r only	< 3 confident cells	< 3 confident cells	FALSE	2	0.0600358422939068	0.0645161290322581	149	0.0016366612111293	1	0.0645161290322581	0.0645161290322581	0.0645161290322581	0.0181641680275522	-0.394
2200A>G	2200	A>G	TRUE	FALSE	FALSE	FALSE	FALSE	FALSE	FALSE	strand r only	< 3 confident cells	< 3 confident cells	FALSE	1	0.0833333333333333	0.0833333333333333	66	0.00280992550934833	5	0.0225806451612903	0.00726978998384491	0.037037037037037	0.0145568596470375	0.475
2202C>T	2202	C>T	TRUE	FALSE	FALSE	FALSE	FALSE	FALSE	FALSE	strand r only	< 3 confident cells	< 3 confident cells	FALSE	5	0.0833333333333333	0.0909090909090909	336	0.00272349734880789	13	0.0136612021857924	0.00724233983286908	0.0576923076923077	0.0149100805701672	-0.131
2203G>A	2203	G>A	TRUE	FALSE	TRUE	FALSE	TRUE	FALSE	FALSE	Retained	< 3 confident cells	< 3 confident cells	FALSE	2	0.503712268743914	0.920886075949367	55	0.0032626427406199	2	0.503712268743914	0.0865384615384615	0.920886075949367	0.470988633063519	0.989
2204T>C	2204	T>C	TRUE	FALSE	FALSE	FALSE	FALSE	FALSE	FALSE	strand r only	< 3 confident cells	< 3 confident cells	FALSE	2	0.0742505353319058	0.0985010706638116	79	0.00189633375474083	6	0.0265875194693141	0.00367534456355283	0.0985010706638116	0.0150150432209144	0.034
2205T>C	2205	T>C	TRUE	TRUE	TRUE	FALSE	TRUE	TRUE	FALSE	Retained	Retained	< 10 cells at AF >= 0.05	FALSE	1	1	1	81	0.0022075055187638	6	0.0183659289632192	0.00443966097134401	1	0.46760440587471	0.862
2206C>A	2206	C>A	TRUE	FALSE	FALSE	FALSE	FALSE	FALSE	FALSE	strand r only	< 3 confident cells	< 3 confident cells	FALSE	2	0.0571895424836601	0.0588235294117647	74	0.00153917402201155	1	0.0195439739413681	0.0195439739413681	0.0195439739413681	0.0149184416681173	-0.601
2207A>G	2207	A>G	TRUE	FALSE	FALSE	FALSE	FALSE	FALSE	FALSE	strand r only	< 3 confident cells	< 3 confident cells	FALSE	6	0.115993907083016	0.807692307692308	75	0.00311526479750779	7	0.108910891089109	0.00878293601003764	0.807692307692308	0.540847001553582	-0.079
2209G>A	2209	G>A	TRUE	TRUE	FALSE	FALSE	FALSE	TRUE	FALSE	strand r only	Retained	< 10 cells at AF >= 0.05	FALSE	3	0.0909090909090909	0.207547169811321	46	0.00297393511093879	8	0.00993197772954093	0.00378071833648393	0.207547169811321	0.0513519276165601	0.343
2211T>C	2211	T>C	TRUE	TRUE	FALSE	FALSE	FALSE	TRUE	FALSE	strand r only	Retained	< 10 cells at AF >= 0.05	FALSE	8	0.0681615150973736	0.409836065573771	140	0.00236840555404424	21	0.0231629392971246	0.00481231953801732	0.409836065573771	0.0806578745706981	0.093
2217C>T	2217	C>T	TRUE	FALSE	FALSE	FALSE	FALSE	FALSE	FALSE	strand r only	< 3 confident cells	< 3 confident cells	FALSE	2	0.0755175983436853	0.0785714285714286	38	0.00435781558559927	6	0.0165359839761037	0.00714285714285714	0.0785714285714286	0.0220701705195087	-0.081
2218C>A	2218	C>A	TRUE	FALSE	FALSE	FALSE	FALSE	FALSE	FALSE	strand r only	< 3 confident cells	< 3 confident cells	FALSE	2	0.0527777777777778	0.0555555555555556	76	0.00178997868259278	1	0.0256653992395437	0.0256653992395437	0.0256653992395437	0.0774351356832416	-0.25
2218C>T	2218	C>T	TRUE	TRUE	FALSE	FALSE	FALSE	TRUE	FALSE	strand r only	Retained	< 10 cells at AF >= 0.05	FALSE	5	0.108262108262108	0.393258426966292	49	0.008	18	0.033684026970472	0.0073360843649702	0.393258426966292	0.123294068294871	0.169
2219C>T	2219	C>T	TRUE	TRUE	FALSE	FALSE	FALSE	TRUE	FALSE	strand r only	Retained	< 10 cells at AF >= 0.05	FALSE	9	0.137404580152672	0.5	63	0.0109289617486339	24	0.0300002448999584	0.00950394065832174	0.5	0.342790744832921	0.098
2220A>C	2220	A>C	TRUE	FALSE	TRUE	FALSE	TRUE	FALSE	FALSE	Retained	< 3 confident cells	< 3 confident cells	FALSE	6	0.0606617647058824	0.544378698224852	209	0.00169779286926995	6	0.0223205023582622	0.00661157024793388	0.544378698224852	0.0991647958583952	0.656
2220A>G	2220	A>G	TRUE	FALSE	FALSE	FALSE	FALSE	FALSE	FALSE	strand r only	< 3 confident cells	< 3 confident cells	FALSE	5	0.0588235294117647	0.0769230769230769	42	0.00361668383446968	7	0.0160550458715596	0.00844390832328106	0.0661322645290581	0.0821862385301453	-0.082
2221C>T	2221	C>T	TRUE	TRUE	FALSE	FALSE	FALSE	TRUE	FALSE	strand r only	Retained	< 10 cells at AF >= 0.05	FALSE	9	0.137566137566138	0.407407407407407	54	0.00802982572491802	23	0.0330578512396694	0.00418881907523763	0.407407407407407	0.19823323338041	0.139
2222T>C	2222	T>C	TRUE	TRUE	FALSE	FALSE	FALSE	TRUE	FALSE	strand r only	Retained	< 10 cells at AF >= 0.05	FALSE	5	0.0840336134453782	0.22463768115942	67	0.00415800415800416	11	0.0283400809716599	0.00705218617771509	0.22463768115942	0.0672950669335039	0.011
2222T>G	2222	T>G	TRUE	FALSE	FALSE	FALSE	FALSE	FALSE	FALSE	strand r only	< 3 confident cells	< 3 confident cells	FALSE	7	0.0588235294117647	0.1	442	0.00223844513867838	4	0.0285468554866986	0.01	0.0540540540540541	0.0705851795352	-0.131
2223A>C	2223	A>C	TRUE	FALSE	FALSE	FALSE	FALSE	FALSE	FALSE	strand r only	< 3 confident cells	< 3 confident cells	FALSE	6	0.05625	0.0625	461	0.00219058050383352	3	0.0066815144766147	0.00325443786982249	0.016	0.0109425235322933	-0.126
2224C>T	2224	C>T	TRUE	FALSE	FALSE	FALSE	FALSE	FALSE	FALSE	strand r only	< 3 confident cells	< 3 confident cells	FALSE	4	0.0825865580448065	0.333333333333333	26	0.0140852055745673	10	0.0162766495487084	0.00843608046722907	0.333333333333333	0.135821578730858	0.14
2225C>A	2225	C>A	TRUE	FALSE	FALSE	FALSE	FALSE	FALSE	FALSE	strand r only	< 3 confident cells	< 3 confident cells	FALSE	4	0.0568910256410256	0.0649350649350649	171	0.00203458799593082	5	0.0159680638722555	0.0064143681847338	0.0649350649350649	0.0287676677288178	-0.152
2225C>T	2225	C>T	TRUE	FALSE	FALSE	FALSE	FALSE	FALSE	FALSE	strand r only	< 3 confident cells	< 3 confident cells	FALSE	9	0.0909090909090909	0.727272727272727	36	0.00955423703027537	14	0.0414259875138573	0.00632244467860906	0.727272727272727	0.577320878120665	0.089
2226T>A	2226	T>A	TRUE	TRUE	FALSE	TRUE	FALSE	TRUE	TRUE	strand r only	Retained	Retained	FALSE	18	0.123040520556048	0.288461538461538	185	0.00380047505938242	42	0.0254022197367289	0.00794351279788173	0.288461538461538	0.0846444470997805	0.031
2226T>C	2226	T>C	TRUE	TRUE	FALSE	TRUE	FALSE	TRUE	TRUE	strand r only	Retained	Retained	FALSE	19	0.120915032679739	0.428571428571429	245	0.00531632110579479	64	0.0219647692259811	0.00352733686067019	0.428571428571429	0.141658311043692	-0.067
2230A>G	2230	A>G	TRUE	FALSE	FALSE	FALSE	FALSE	FALSE	FALSE	VMR and strand r	< 3 confident cells	< 3 confident cells	FALSE	0			29	0.00381679389312977	4	0.00968134994284051	0.00788813194693439	0.0278884462151394	0.00791026138959045	-0.039
2233T>A	2233	T>A	TRUE	FALSE	FALSE	FALSE	FALSE	FALSE	FALSE	strand r only	< 3 confident cells	< 3 confident cells	FALSE	7	0.105263157894737	0.232954545454545	114	0.00291971425161543	21	0.0146341463414634	0.004149377593361	0.232954545454545	0.0574893521910164	-0.123
2233T>C	2233	T>C	TRUE	TRUE	TRUE	FALSE	TRUE	TRUE	FALSE	Retained	Retained	< 10 cells at AF >= 0.05	FALSE	6	0.165652789800897	0.833333333333333	115	0.00307692307692308	22	0.018749665798379	0.00377099760027425	0.833333333333333	0.391026460784916	0.937
2235C>A	2235	C>A	TRUE	FALSE	FALSE	FALSE	FALSE	FALSE	FALSE	VMR and strand r	< 3 confident cells	< 3 confident cells	FALSE	1	0.1	0.1	149	0.00158227848101266	0				0.00809210668017854	-0.567
2236C>A	2236	C>A	TRUE	TRUE	FALSE	FALSE	FALSE	TRUE	FALSE	strand r only	Retained	< 10 cells at AF >= 0.05	FALSE	5	0.287128712871287	0.833333333333333	148	0.00294794925269378	28	0.0188088522794386	0.00413935839944809	0.833333333333333	0.199027336578273	0.116
2237A>C	2237	A>C	TRUE	TRUE	FALSE	TRUE	FALSE	TRUE	TRUE	strand r only	Retained	Retained	FALSE	14	0.17785084918912	0.454545454545455	223	0.00294550810014728	34	0.0188107221926708	0.00371245359433007	0.454545454545455	0.132188827975096	-0.032
2238A>C	2238	A>C	TRUE	FALSE	FALSE	FALSE	FALSE	FALSE	FALSE	strand r only	< 3 confident cells	< 3 confident cells	FALSE	8	0.194444444444444	0.454545454545455	317	0.00215749730312837	17	0.0180467091295117	0.00395480225988701	0.454545454545455	0.114842823600231	-0.097
2242T>C	2242	T>C	TRUE	TRUE	FALSE	FALSE	FALSE	TRUE	FALSE	strand r only	Retained	< 10 cells at AF >= 0.05	FALSE	6	0.0928712570299438	0.928571428571429	111	0.00562283737024222	36	0.0161260980300431	0.00282771157341951	0.928571428571429	0.27222921533296	0.121
2248T>C	2248	T>C	TRUE	FALSE	FALSE	FALSE	FALSE	FALSE	FALSE	strand r only	< 3 confident cells	< 3 confident cells	FALSE	3	0.0714285714285714	0.189516129032258	163	0.00194678780012979	5	0.0251798561151079	0.00970873786407767	0.189516129032258	0.0194390921705403	-0.032
2251A>C	2251	A>C	TRUE	FALSE	FALSE	FALSE	FALSE	FALSE	FALSE	strand r only	< 3 confident cells	< 3 confident cells	FALSE	2	0.0596491228070175	0.0666666666666667	136	0.00170551504809184	0				0.011810508861414	-0.593
2252C>T	2252	C>T	TRUE	TRUE	FALSE	FALSE	FALSE	TRUE	FALSE	VMR only	Retained	< 10 cells at AF >= 0.05	FALSE	0			15	0.0062111801242236	4	0.0180864197530864	0.00670141474311243	0.0425963488843813	0.00976622816108452	0.75
2253T>C	2253	T>C	TRUE	FALSE	FALSE	FALSE	FALSE	FALSE	FALSE	strand r only	< 3 confident cells	< 3 confident cells	FALSE	3	0.0555555555555556	0.281045751633987	58	0.00329490185860691	7	0.0106157112526539	0.00628711142158575	0.281045751633987	0.0561448041491326	-0.063
2256T>C	2256	T>C	TRUE	TRUE	FALSE	FALSE	FALSE	TRUE	FALSE	strand r only	Retained	< 10 cells at AF >= 0.05	FALSE	7	0.103333333333333	0.5	199	0.00288392213410238	31	0.0137614678899083	0.00399274047186933	0.5	0.13545156101242	0.043
2263C>A	2263	C>A	TRUE	FALSE	FALSE	FALSE	FALSE	FALSE	FALSE	strand r only	< 3 confident cells	< 3 confident cells	FALSE	3	0.0526315789473684	0.0833333333333333	69	0.00232828870779977	4	0.0153781736515549	0.00679377602454526	0.0229508196721311	0.0265812818282286	-0.11
2264A>C	2264	A>C	TRUE	TRUE	FALSE	FALSE	FALSE	TRUE	FALSE	strand r only	Retained	< 10 cells at AF >= 0.05	FALSE	7	0.224489795918367	0.432432432432432	71	0.00397350993377483	11	0.039766081871345	0.00552181115405853	0.432432432432432	0.179214028603101	0.117
2265A>C	2265	A>C	TRUE	FALSE	FALSE	TRUE	FALSE	FALSE	FALSE	strand r only	< 3 confident cells	< 3 confident cells	FALSE	10	0.0645833333333333	0.0833333333333333	273	0.00207253886010363	2	0.00662131180223286	0.00301535087719298	0.0102272727272727	0.0205183221680283	-0.354
2267T>G	2267	T>G	TRUE	TRUE	FALSE	FALSE	FALSE	TRUE	FALSE	strand r only	Retained	< 10 cells at AF >= 0.05	FALSE	8	0.0702205541655083	0.225806451612903	33	0.0208333333333333	15	0.0573770491803279	0.0105960264900662	0.225806451612903	0.671778548401515	0.216
2269G>A	2269	G>A	TRUE	TRUE	TRUE	FALSE	TRUE	TRUE	FALSE	Retained	Retained	< 10 cells at AF >= 0.05	FALSE	5	0.0853658536585366	1	34	0.00401333539960502	4	0.310288560632085	0.0646992054483541	1	0.491451412183635	0.992
2269G>T	2269	G>T	TRUE	FALSE	FALSE	FALSE	FALSE	FALSE	FALSE	strand r only	< 3 confident cells	< 3 confident cells	FALSE	1	0.05	0.05	89	0.00139178844815588	2	0.0153957336523126	0.012609649122807	0.0181818181818182	0.040137759561368	-0.243
2270A>G	2270	A>G	TRUE	TRUE	FALSE	TRUE	FALSE	TRUE	TRUE	strand r only	Retained	Retained	FALSE	25	0.11044776119403	0.514705882352941	193	0.00323624595469256	29	0.0967741935483871	0.00457456541628545	0.514705882352941	0.22271887064159	0.156
2272C>A	2272	C>A	TRUE	FALSE	FALSE	FALSE	FALSE	FALSE	FALSE	strand r only	< 3 confident cells	< 3 confident cells	FALSE	3	0.0666666666666667	0.12	206	0.00192116434053445	1	0.00687960687960688	0.00687960687960688	0.00687960687960688	0.0225896679062685	-0.32
2274A>C	2274	A>C	TRUE	FALSE	FALSE	FALSE	FALSE	FALSE	FALSE	strand r only	< 3 confident cells	< 3 confident cells	FALSE	5	0.0666666666666667	0.0769230769230769	688	0.00267022696929239	7	0.00319331859493982	0.00235036038859292	0.00360942249240122	0.0233208223870082	0.011
2275T>C	2275	T>C	TRUE	TRUE	TRUE	TRUE	TRUE	TRUE	TRUE	Retained	Retained	Retained	FALSE	10	0.161387631975867	0.994350282485876	109	0.00216684723726977	10	0.139666576062336	0.00376583361862376	0.994350282485876	1.12166887859391	0.912
2276C>A	2276	C>A	TRUE	FALSE	FALSE	FALSE	FALSE	FALSE	FALSE	strand r only	< 3 confident cells	< 3 confident cells	FALSE	2	0.0566188197767145	0.0606060606060606	205	0.00160342063067878	3	0.0192771084337349	0.00487125956854558	0.0448717948717949	0.0235145676879727	-0.228
2277T>C	2277	T>C	TRUE	FALSE	FALSE	FALSE	FALSE	FALSE	FALSE	strand r only	< 3 confident cells	< 3 confident cells	FALSE	2	0.16037037037037	0.240740740740741	146	0.00193432462793715	5	0.031496062992126	0.00949913644214162	0.240740740740741	0.0386689428883982	-0.215
2278A>C	2278	A>C	TRUE	FALSE	FALSE	FALSE	FALSE	FALSE	FALSE	strand r only	< 3 confident cells	< 3 confident cells	FALSE	3	0.0625	0.0769230769230769	164	0.00153492755330428	0				0.0132446013555994	-0.501
2278A>G	2278	A>G	TRUE	FALSE	FALSE	FALSE	FALSE	FALSE	FALSE	VMR and strand r	< 3 confident cells	< 3 confident cells	FALSE	0			47	0.003690036900369	6	0.00704008533962395	0.00372330001959632	0.0212765957446809	0.00795660896561196	0.321
2279T>A	2279	T>A	TRUE	FALSE	FALSE	FALSE	FALSE	FALSE	FALSE	strand r only	< 3 confident cells	< 3 confident cells	FALSE	5	0.0614754098360656	0.583333333333333	81	0.00176056338028169	6	0.0275575515621511	0.0047361299052774	0.583333333333333	0.180114913895586	-0.03
2279T>C	2279	T>C	TRUE	FALSE	FALSE	FALSE	FALSE	FALSE	FALSE	strand r only	< 3 confident cells	< 3 confident cells	FALSE	1	0.0548672566371681	0.0548672566371681	161	0.00193236714975845	6	0.0156455057054519	0.00856443719412724	0.0548672566371681	0.0131135978248233	-0.125
2281A>G	2281	A>G	TRUE	FALSE	FALSE	FALSE	FALSE	FALSE	FALSE	strand r only	< 3 confident cells	< 3 confident cells	FALSE	1	0.0540540540540541	0.0540540540540541	62	0.0023658315304627	1	0.0240549828178694	0.0240549828178694	0.0240549828178694	0.0131922396255933	-0.42
2282C>T	2282	C>T	TRUE	TRUE	FALSE	FALSE	FALSE	TRUE	FALSE	strand r only	Retained	< 10 cells at AF >= 0.05	FALSE	5	0.171052631578947	0.375886524822695	55	0.00404858299595142	13	0.0297619047619048	0.00536672629695886	0.375886524822695	0.264461253435188	0.324
2283C>A	2283	C>A	TRUE	FALSE	FALSE	FALSE	FALSE	FALSE	FALSE	VMR and strand r	< 3 confident cells	< 3 confident cells	FALSE	2	0.0557275541795666	0.0588235294117647	238	0.0017675820914175	0				0.00875013039262854	-0.411
2283C>T	2283	C>T	TRUE	TRUE	FALSE	FALSE	FALSE	TRUE	FALSE	strand r only	Retained	< 10 cells at AF >= 0.05	FALSE	7	0.0686274509803922	0.308988764044944	47	0.0104712041884817	23	0.0260869565217391	0.00427350427350427	0.308988764044944	0.185298846280706	0.305
2284C>A	2284	C>A	TRUE	TRUE	FALSE	TRUE	FALSE	TRUE	TRUE	strand r only	Retained	Retained	FALSE	16	0.119877049180328	0.649122807017544	357	0.00314795383001049	71	0.0170940170940171	0.00290095317032739	0.649122807017544	0.133798741991632	0.331
2285T>A	2285	T>A	TRUE	TRUE	FALSE	TRUE	FALSE	TRUE	TRUE	strand r only	Retained	Retained	FALSE	20	0.11304347826087	0.44	264	0.00574717389329744	83	0.0166498486377397	0.00302877334679455	0.44	0.0623851186574649	0.06
2285T>C	2285	T>C	TRUE	TRUE	TRUE	TRUE	TRUE	TRUE	TRUE	Retained	Retained	Retained	FALSE	4820	0.279136411291888	1	5258	0.259548062430107	4818	0.279179932127488	0.00587889476778366	1	0.185450581058256	0.948
2286A>C	2286	A>C	TRUE	FALSE	FALSE	FALSE	FALSE	FALSE	FALSE	strand r only	< 3 confident cells	< 3 confident cells	FALSE	1	0.0833333333333333	0.0833333333333333	115	0.0012853470437018	0				0.0229324007867899	-0.402
2288A>G	2288	A>G	TRUE	TRUE	FALSE	TRUE	FALSE	TRUE	TRUE	strand r only	Retained	Retained	FALSE	42	0.12301704966642	0.392857142857143	127	0.0220868240670221	66	0.0729635693819075	0.00582453585729887	0.392857142857143	0.250910336086328	0.153
2289G>A	2289	G>A	TRUE	TRUE	FALSE	FALSE	FALSE	TRUE	FALSE	strand r only	Retained	< 10 cells at AF >= 0.05	FALSE	7	0.0821428571428571	0.258064516129032	82	0.00918102132943293	36	0.0151161655484151	0.0042976094547408	0.258064516129032	0.0412430579785316	0.278
2289G>T	2289	G>T	TRUE	TRUE	TRUE	TRUE	TRUE	TRUE	TRUE	Retained	Retained	Retained	FALSE	4836	0.28627620355088	1	5270	0.267627895931967	4829	0.286646884272997	0.0108043217286915	1	0.187699816372293	0.926
2290A>G	2290	A>G	TRUE	TRUE	FALSE	TRUE	FALSE	TRUE	TRUE	strand r only	Retained	Retained	FALSE	48	0.127373417721519	0.379310344827586	149	0.0206185567010309	75	0.0626398210290828	0.00621820237422273	0.379310344827586	0.253403607454464	0.102
2292G>T	2292	G>T	TRUE	FALSE	FALSE	FALSE	FALSE	FALSE	FALSE	strand r only	< 3 confident cells	< 3 confident cells	FALSE	5	0.0555555555555556	0.0869565217391304	313	0.00229753015508329	1	0.032258064516129	0.032258064516129	0.032258064516129	0.0110071228485278	-0.307
2295C>A	2295	C>A	TRUE	FALSE	FALSE	FALSE	FALSE	FALSE	FALSE	strand r only	< 3 confident cells	< 3 confident cells	FALSE	7	0.0714285714285714	0.111111111111111	152	0.0025483725375383	5	0.0207852193995381	0.00665188470066519	0.0708661417322835	0.046961868748379	-0.271
2299T>C	2299	T>C	TRUE	FALSE	FALSE	FALSE	FALSE	FALSE	FALSE	strand r only	< 3 confident cells	< 3 confident cells	FALSE	4	0.151348039215686	1	39	0.00347826086956522	5	0.145833333333333	0.0114285714285714	1	0.81288577685886	0.495
2300G>A	2300	G>A	TRUE	TRUE	TRUE	FALSE	TRUE	TRUE	FALSE	Retained	Retained	< 10 cells at AF >= 0.05	FALSE	5	1	1	16	0.00756865752179717	5	1	0.0107816711590297	1	0.965748324458917	0.934
2300G>T	2300	G>T	TRUE	FALSE	FALSE	FALSE	FALSE	FALSE	FALSE	strand r only	< 3 confident cells	< 3 confident cells	FALSE	8	0.0714285714285714	0.0833333333333333	246	0.00311533282381628	1	0.00570206699928724	0.00570206699928724	0.00570206699928724	0.0272138341633148	-0.404
2301T>G	2301	T>G	TRUE	TRUE	TRUE	TRUE	TRUE	TRUE	TRUE	Retained	Retained	Retained	FALSE	13	0.228758169934641	0.972972972972973	21	0.0503875968992248	15	0.215909090909091	0.0114777618364419	0.972972972972973	0.511537169341103	0.685
2302T>G	2302	T>G	TRUE	TRUE	FALSE	TRUE	FALSE	TRUE	TRUE	strand r only	Retained	Retained	FALSE	16	0.157954545454545	0.972972972972973	47	0.00317965023847377	16	0.142737154150198	0.0116618075801749	0.972972972972973	0.421809090913831	0.031
2304G>A	2304	G>A	TRUE	TRUE	FALSE	FALSE	FALSE	TRUE	FALSE	strand r only	Retained	< 10 cells at AF >= 0.05	FALSE	1	0.951219512195122	0.951219512195122	23	0.00403225806451613	5	0.0352112676056338	0.0123927550047664	0.951219512195122	0.956627128304174	0.553
2304G>T	2304	G>T	TRUE	FALSE	FALSE	FALSE	FALSE	FALSE	FALSE	strand r only	< 3 confident cells	< 3 confident cells	FALSE	7	0.0769230769230769	0.166666666666667	181	0.00316455696202532	1	0.0476190476190476	0.0476190476190476	0.0476190476190476	0.088890809020513	-0.321
2308A>G	2308	A>G	TRUE	FALSE	FALSE	FALSE	FALSE	FALSE	FALSE	strand r only	< 3 confident cells	< 3 confident cells	FALSE	2	0.305359394703657	0.549180327868853	47	0.0032	5	0.0442374854481956	0.0119047619047619	0.549180327868853	0.21229546660291	0.299
2309A>G	2309	A>G	TRUE	FALSE	FALSE	FALSE	FALSE	FALSE	FALSE	strand r only	< 3 confident cells	< 3 confident cells	FALSE	5	0.0769230769230769	0.549180327868853	42	0.00517610820945493	6	0.0489491150442478	0.0220264317180617	0.549180327868853	0.221754553155008	0.197
2310G>T	2310	G>T	TRUE	FALSE	FALSE	FALSE	FALSE	FALSE	FALSE	strand r only	< 3 confident cells	< 3 confident cells	FALSE	7	0.0666666666666667	0.12	120	0.00261100610655018	0				0.0194098248817816	-0.543
2316T>C	2316	T>C	TRUE	TRUE	FALSE	FALSE	FALSE	TRUE	FALSE	strand r only	Retained	< 10 cells at AF >= 0.05	FALSE	2	0.115705931495405	0.120300751879699	51	0.00596125186289121	4	0.0144401685908008	0.00784313725490196	0.120300751879699	0.0256508216023212	0.528
2317G>A	2317	G>A	TRUE	TRUE	FALSE	TRUE	FALSE	TRUE	TRUE	strand r only	Retained	Retained	FALSE	20	0.0869788914536808	1	91	0.0152091254752852	42	0.0345539797692125	0.00525457510418554	1	0.401879600370269	0.523
2318A>G	2318	A>G	TRUE	TRUE	FALSE	TRUE	FALSE	TRUE	TRUE	strand r only	Retained	Retained	FALSE	12	0.0900554844216816	0.360655737704918	65	0.0072992700729927	15	0.0749185667752443	0.00822819528250137	0.360655737704918	0.117817274650474	0.199
2319A>G	2319	A>G	TRUE	TRUE	FALSE	FALSE	FALSE	TRUE	FALSE	strand r only	Retained	< 10 cells at AF >= 0.05	FALSE	8	0.0757386859493829	0.153846153846154	50	0.00582252733282482	6	0.0561180777319106	0.010590015128593	0.0989583333333333	0.0749260060962397	0.343
2324T>C	2324	T>C	TRUE	TRUE	TRUE	FALSE	TRUE	TRUE	FALSE	Retained	Retained	< 10 cells at AF >= 0.05	FALSE	7	0.0882352941176471	1	38	0.00585662836563197	7	0.0777777777777778	0.014827018121911	1	0.332216007071953	0.98
2327T>C	2327	T>C	TRUE	TRUE	FALSE	FALSE	FALSE	TRUE	FALSE	strand r only	Retained	< 10 cells at AF >= 0.05	FALSE	8	0.0560386473429952	0.0916334661354582	66	0.005738621415417	12	0.0347501497390263	0.00807319698600646	0.0916334661354582	0.0184361543948601	0.25
2330T>C	2330	T>C	TRUE	TRUE	FALSE	TRUE	FALSE	TRUE	TRUE	strand r only	Retained	Retained	FALSE	49	0.09	1	409	0.0114478114478115	213	0.0182648401826484	0.00370751802265705	1	0.239025548885754	0.022
2331C>T	2331	C>T	TRUE	TRUE	FALSE	FALSE	FALSE	TRUE	FALSE	strand r only	Retained	< 10 cells at AF >= 0.05	FALSE	6	0.094017094017094	0.220588235294118	35	0.0111111111111111	16	0.0263630089717046	0.00887409872434831	0.220588235294118	0.157501708883252	0.341
2332C>T	2332	C>T	TRUE	TRUE	FALSE	TRUE	FALSE	TRUE	TRUE	strand r only	Retained	Retained	FALSE	15	0.0955056179775281	0.20863309352518	103	0.00385356454720617	24	0.0374647661053585	0.00756302521008403	0.20863309352518	0.132485492575021	0.31
2333G>A	2333	G>A	TRUE	TRUE	TRUE	TRUE	TRUE	TRUE	TRUE	Retained	Retained	Retained	FALSE	72	0.0884060873047657	1	784	0.00775193798449612	255	0.0192061459667093	0.00220167327168648	1	0.449116845649827	0.781
2333G>C	2333	G>C	TRUE	TRUE	TRUE	FALSE	TRUE	TRUE	FALSE	Retained	Retained	< 10 cells at AF >= 0.05	FALSE	7	0.0842105263157895	0.996108949416342	91	0.0099009900990099	43	0.0155038759689922	0.00367647058823529	0.996108949416342	0.347998432581281	0.865
2334C>T	2334	C>T	TRUE	TRUE	FALSE	TRUE	FALSE	TRUE	TRUE	strand r only	Retained	Retained	FALSE	48	0.0918908305517377	1	422	0.0114688552188552	222	0.0180130175902864	0.00372054568003307	1	0.218592557223734	0.078
2335A>G	2335	A>G	TRUE	FALSE	TRUE	FALSE	TRUE	FALSE	FALSE	Retained	< 3 confident cells	< 3 confident cells	FALSE	4	0.0559614938529344	0.122641509433962	49	0.0024390243902439	2	0.0895044707921377	0.0563674321503132	0.122641509433962	0.0386343821123116	0.658
2336T>C	2336	T>C	TRUE	FALSE	TRUE	FALSE	TRUE	FALSE	FALSE	Retained	< 3 confident cells	< 3 confident cells	FALSE	3	0.0588235294117647	0.0588235294117647	129	0.00290697674418605	5	0.0273833671399594	0.0147313691507799	0.0588235294117647	0.0129729207081685	0.657
2337A>G	2337	A>G	TRUE	FALSE	FALSE	FALSE	FALSE	FALSE	FALSE	strand r only	< 3 confident cells	< 3 confident cells	FALSE	3	0.0833333333333333	0.117647058823529	86	0.0021554752671988	1	0.0424242424242424	0.0424242424242424	0.0424242424242424	0.126505029057787	-0.209
2339G>A	2339	G>A	TRUE	TRUE	TRUE	FALSE	TRUE	TRUE	FALSE	Retained	Retained	< 10 cells at AF >= 0.05	FALSE	4	0.0787878787878788	0.997840172786177	101	0.00277008310249308	7	0.00696257615317668	0.00369549150036955	0.997840172786177	0.3460075689706	0.997
2339G>T	2339	G>T	TRUE	FALSE	FALSE	FALSE	FALSE	FALSE	FALSE	strand r only	< 3 confident cells	< 3 confident cells	FALSE	6	0.0606617647058824	0.0909090909090909	260	0.00233716488175912	0				0.0387071476555167	-0.412
2340C>T	2340	C>T	TRUE	FALSE	FALSE	FALSE	FALSE	FALSE	FALSE	strand r only	< 3 confident cells	< 3 confident cells	FALSE	1	0.0689655172413793	0.0689655172413793	99	0.0031496062992126	3	0.026530612244898	0.0116086235489221	0.0391644908616188	0.0127589153808823	0.265
2341C>A	2341	C>A	TRUE	FALSE	FALSE	FALSE	FALSE	FALSE	FALSE	strand r only	< 3 confident cells	< 3 confident cells	FALSE	3	0.0660377358490566	0.0769230769230769	59	0.00177935943060498	2	0.04297361905575	0.0199095022624434	0.0660377358490566	0.0146030823416374	0.072
2342T>A	2342	T>A	TRUE	FALSE	FALSE	FALSE	FALSE	FALSE	FALSE	strand r only	< 3 confident cells	< 3 confident cells	FALSE	1	0.0555555555555556	0.0555555555555556	129	0.00254777070063694	2	0.025604679199789	0.0177165354330709	0.0334928229665072	0.0107852334524359	-0.391
2342T>C	2342	T>C	TRUE	FALSE	FALSE	FALSE	FALSE	FALSE	FALSE	strand r only	< 3 confident cells	< 3 confident cells	FALSE	9	0.0666666666666667	0.411764705882353	300	0.00317712670653847	4	0.0598600762969798	0.00393249221694249	0.411764705882353	0.0457329474921686	0.403
2343G>A	2343	G>A	TRUE	TRUE	TRUE	FALSE	TRUE	TRUE	FALSE	Retained	Retained	< 10 cells at AF >= 0.05	FALSE	4	0.136969904240766	1	74	0.00297877814645918	5	0.0558139534883721	0.0159786950732357	1	0.645124329483247	0.766
2344C>G	2344	C>G	TRUE	TRUE	FALSE	TRUE	FALSE	TRUE	TRUE	strand r only	Retained	Retained	FALSE	11	0.0909090909090909	0.338582677165354	29	0.0308422301304864	15	0.0694087403598972	0.00907441016333938	0.338582677165354	0.148851925039613	0.433
2344C>T	2344	C>T	TRUE	TRUE	FALSE	TRUE	FALSE	TRUE	TRUE	strand r only	Retained	Retained	FALSE	14	0.0806091370558376	0.422222222222222	462	0.0039880398565419	25	0.0275229357798165	0.00367751060820368	0.422222222222222	0.050751918780034	0.335
2345G>A	2345	G>A	TRUE	FALSE	FALSE	FALSE	FALSE	FALSE	FALSE	strand r only	< 3 confident cells	< 3 confident cells	FALSE	4	0.0801282051282051	0.311475409836066	48	0.00367648301147211	3	0.0769230769230769	0.00864864864864865	0.311475409836066	0.149005219191821	0.206
2346T>A	2346	T>A	TRUE	FALSE	FALSE	FALSE	FALSE	FALSE	FALSE	strand r only	< 3 confident cells	< 3 confident cells	FALSE	4	0.0578208556149733	0.233502538071066	26	0.00163066790732052	3	0.0568181818181818	0.0216076058772688	0.233502538071066	0.053106275982513	0.119
2346T>C	2346	T>C	TRUE	TRUE	FALSE	FALSE	FALSE	TRUE	FALSE	strand r only	Retained	< 10 cells at AF >= 0.05	FALSE	4	0.107407298583769	1	108	0.0027624520195661	7	0.0561797752808989	0.00876040297853701	1	0.458167151709181	0.377
2346T>G	2346	T>G	TRUE	TRUE	FALSE	FALSE	FALSE	TRUE	FALSE	strand r only	Retained	< 10 cells at AF >= 0.05	FALSE	2	0.135811688311688	0.145	12	0.00796188909088497	4	0.0789366883116883	0.011326860841424	0.145	0.0649856916265474	0.164
2348A>G	2348	A>G	TRUE	FALSE	FALSE	FALSE	FALSE	FALSE	FALSE	strand r only	< 3 confident cells	< 3 confident cells	FALSE	3	0.0740740740740741	0.123134328358209	76	0.00292187973551546	2	0.0777708678828082	0.0324074074074074	0.123134328358209	0.0233836873589537	0.41
2349G>A	2349	G>A	TRUE	TRUE	TRUE	FALSE	TRUE	TRUE	FALSE	Retained	Retained	< 10 cells at AF >= 0.05	FALSE	2	0.122318611987382	0.15	95	0.00364963503649635	7	0.0181219110378913	0.00606909430438842	0.15	0.127862664933331	0.73
2351T>C	2351	T>C	TRUE	FALSE	FALSE	FALSE	FALSE	FALSE	FALSE	strand r only	< 3 confident cells	< 3 confident cells	FALSE	2	0.0679824561403509	0.0833333333333333	48	0.00321797615566361	4	0.0191660253943825	0.00667200427008273	0.0476190476190476	1.09689241851919	0.441
2353A>G	2353	A>G	TRUE	FALSE	FALSE	FALSE	FALSE	FALSE	FALSE	strand r only	< 3 confident cells	< 3 confident cells	FALSE	1	0.0526315789473684	0.0526315789473684	59	0.00285306704707561	2	0.00989041794368924	0.00426894343649947	0.015511892450879	0.168801118988055	0.279
2353A>T	2353	A>T	TRUE	TRUE	TRUE	FALSE	TRUE	TRUE	FALSE	Retained	Retained	< 10 cells at AF >= 0.05	FALSE	2	0.0592003465989973	0.0654205607476636	41	0.00386847195357834	8	0.0277179570008255	0.0105649977032614	0.0654205607476636	0.0401881471806796	0.727
2354A>G	2354	A>G	TRUE	FALSE	FALSE	FALSE	FALSE	FALSE	FALSE	strand r only	< 3 confident cells	< 3 confident cells	FALSE	1	0.0833333333333333	0.0833333333333333	53	0.00242718446601942	1	0.0173010380622837	0.0173010380622837	0.0173010380622837	0.0571961664149338	-0.189
2355A>G	2355	A>G	TRUE	FALSE	FALSE	FALSE	FALSE	FALSE	FALSE	VMR only	< 3 confident cells	< 3 confident cells	FALSE	0			20	0.00351841671247938	3	0.0148148148148148	0.0102599179206566	0.0148906468124709	0.00633422690055859	0.759
2356A>G	2356	A>G	TRUE	FALSE	FALSE	FALSE	FALSE	FALSE	FALSE	strand r only	< 3 confident cells	< 3 confident cells	FALSE	2	0.0678733031674208	0.0769230769230769	47	0.00484261501210654	3	0.0360655737704918	0.0130081300813008	0.0769230769230769	0.210334747255325	0.196
2356A>T	2356	A>T	TRUE	TRUE	FALSE	FALSE	FALSE	TRUE	FALSE	strand r only	Retained	< 10 cells at AF >= 0.05	FALSE	4	0.0940140845070423	0.2	22	0.00128487980349674	3	0.027190332326284	0.00680786686838124	0.0880281690140845	0.0568581146125347	0.341
2357C>T	2357	C>T	TRUE	TRUE	TRUE	FALSE	TRUE	TRUE	FALSE	Retained	Retained	< 10 cells at AF >= 0.05	FALSE	3	0.1	1	22	0.00731570811790416	5	0.0343980343980344	0.00846805234795997	1	0.918596166325317	0.943
2359C>T	2359	C>T	TRUE	TRUE	FALSE	FALSE	FALSE	TRUE	FALSE	strand r only	Retained	< 10 cells at AF >= 0.05	FALSE	3	0.210526315789474	0.368421052631579	48	0.00448023279149107	8	0.0234676872928379	0.0161073825503356	0.368421052631579	0.236251454327574	0.256
235A>G	235	A>G	TRUE	TRUE	FALSE	TRUE	FALSE	TRUE	TRUE	VMR and strand r	Retained	Retained	FALSE	11	1	1	11	1	11	1	1	1	0.00513278861162823	-0.095
2361G>A	2361	G>A	TRUE	TRUE	TRUE	FALSE	TRUE	TRUE	FALSE	Retained	Retained	< 10 cells at AF >= 0.05	FALSE	6	0.221731893314752	0.980392156862745	29	0.00803212851405622	6	0.221731893314752	0.00501504513540622	0.980392156862745	1.69264327239914	0.919
2365T>C	2365	T>C	TRUE	TRUE	FALSE	FALSE	FALSE	TRUE	FALSE	strand r only	Retained	< 10 cells at AF >= 0.05	FALSE	4	0.145512820512821	0.256809338521401	75	0.00272108843537415	4	0.130086790550274	0.0320962888665998	0.256809338521401	0.0671498682834159	0.156
2366G>A	2366	G>A	TRUE	TRUE	TRUE	FALSE	TRUE	TRUE	FALSE	Retained	Retained	< 10 cells at AF >= 0.05	FALSE	4	0.166013071895425	0.954545454545455	52	0.00330346170159545	5	0.155555555555556	0.0233644859813084	0.954545454545455	0.743072997488396	0.811
2367A>G	2367	A>G	TRUE	FALSE	FALSE	FALSE	FALSE	FALSE	FALSE	strand r only	< 3 confident cells	< 3 confident cells	FALSE	2	0.0982142857142857	0.125	100	0.00272246652502594	5	0.0174627632254751	0.00972289742343218	0.0386904761904762	0.0106461831141998	0.03
2368C>A	2368	C>A	TRUE	TRUE	FALSE	TRUE	FALSE	TRUE	TRUE	strand r only	Retained	Retained	FALSE	20	0.0701970443349754	0.406015037593985	194	0.00402473144837695	14	0.0365962388991213	0.00802353570473389	0.406015037593985	0.0965197254755622	0.274
2368C>T	2368	C>T	TRUE	FALSE	FALSE	FALSE	FALSE	FALSE	FALSE	strand r only	< 3 confident cells	< 3 confident cells	FALSE	0			39	0.00232558139534884	3	0.02	0.0180940892641737	0.0213219616204691	0.0100523037913487	0
2369A>G	2369	A>G	TRUE	FALSE	FALSE	FALSE	FALSE	FALSE	FALSE	strand r only	< 3 confident cells	< 3 confident cells	FALSE	2	0.238697318007663	0.422222222222222	81	0.00261437908496732	5	0.0360655737704918	0.00852167469433123	0.422222222222222	0.150719246208392	0.242
2372T>C	2372	T>C	TRUE	TRUE	TRUE	FALSE	TRUE	TRUE	FALSE	Retained	Retained	< 10 cells at AF >= 0.05	FALSE	3	0.23046875	0.33695652173913	42	0.0034781355031132	8	0.0270940198513835	0.00814111261872456	0.33695652173913	0.104068626598745	0.836
2375C>T	2375	C>T	TRUE	FALSE	FALSE	FALSE	FALSE	FALSE	FALSE	strand r only	< 3 confident cells	< 3 confident cells	FALSE	1	0.263157894736842	0.263157894736842	71	0.00308166409861325	5	0.016304347826087	0.00627943485086342	0.263157894736842	0.0535824085496421	0.467
2376A>G	2376	A>G	TRUE	FALSE	FALSE	FALSE	FALSE	FALSE	FALSE	strand r only	< 3 confident cells	< 3 confident cells	FALSE	3	0.0526315789473684	0.0555555555555556	79	0.00300751879699248	4	0.0192789082687339	0.0125786163522013	0.0359712230215827	0.0127322230132583	-0.051
2377G>A	2377	G>A	TRUE	TRUE	FALSE	FALSE	FALSE	TRUE	FALSE	strand r only	Retained	< 10 cells at AF >= 0.05	FALSE	9	0.0714285714285714	1	59	0.00666666666666667	16	0.0343169267813748	0.0120300751879699	1	0.490480111472952	0.536
2378C>T	2378	C>T	TRUE	TRUE	FALSE	FALSE	FALSE	TRUE	FALSE	strand r only	Retained	< 10 cells at AF >= 0.05	FALSE	9	0.0578512396694215	0.117647058823529	157	0.003584229390681	8	0.0392338442067571	0.00536352800953516	0.0797101449275362	0.0211703465384319	0.265
2380C>A	2380	C>A	TRUE	FALSE	FALSE	FALSE	FALSE	FALSE	FALSE	strand r only	< 3 confident cells	< 3 confident cells	FALSE	5	0.0667574931880109	0.1325	152	0.00250147660950436	3	0.0667574931880109	0.0134751773049645	0.1325	0.0271305949184535	0.103
2380C>T	2380	C>T	TRUE	TRUE	FALSE	FALSE	FALSE	TRUE	FALSE	strand r only	Retained	< 10 cells at AF >= 0.05	FALSE	2	0.137308303342736	0.221476510067114	22	0.00426810833881667	4	0.0413038886133613	0.0172413793103448	0.221476510067114	0.0739181458084511	0.139
2381A>C	2381	A>C	TRUE	TRUE	FALSE	TRUE	FALSE	TRUE	TRUE	strand r only	Retained	Retained	FALSE	90	0.117735508827037	0.785714285714286	627	0.0170777988614801	361	0.0265486725663717	0.00269179004037685	0.785714285714286	0.21126290117894	0.292
2386C>A	2386	C>A	TRUE	FALSE	FALSE	FALSE	FALSE	FALSE	FALSE	strand r only	< 3 confident cells	< 3 confident cells	FALSE	4	0.0666666666666667	0.075	177	0.0036036036036036	2	0.0217699937609025	0.00807899461400359	0.0354609929078014	0.241143852058355	-0.478
2387T>C	2387	T>C	TRUE	TRUE	FALSE	FALSE	FALSE	TRUE	FALSE	strand r only	Retained	< 10 cells at AF >= 0.05	FALSE	4	0.0957170668397145	0.181818181818182	81	0.00475435816164818	5	0.0219178082191781	0.0174129353233831	0.104477611940299	0.0537199003189636	0.377
2390A>G	2390	A>G	TRUE	FALSE	FALSE	FALSE	FALSE	FALSE	FALSE	strand r only	< 3 confident cells	< 3 confident cells	FALSE	2	0.122670807453416	0.173913043478261	29	0.00359066427289048	3	0.0324909747292419	0.0197368421052632	0.173913043478261	0.0401387546304389	0.497
2391A>G	2391	A>G	TRUE	TRUE	FALSE	FALSE	FALSE	TRUE	FALSE	strand r only	Retained	< 10 cells at AF >= 0.05	FALSE	1	0.313953488372093	0.313953488372093	26	0.0043906428609008	4	0.0326914938637326	0.0286806883365201	0.313953488372093	0.916971422964918	0.502
2395A>G	2395	A>G	TRUE	TRUE	FALSE	FALSE	FALSE	TRUE	FALSE	strand r only	Retained	< 10 cells at AF >= 0.05	FALSE	7	0.0714285714285714	0.282608695652174	43	0.00496277915632754	8	0.0590090818755344	0.0178571428571429	0.282608695652174	0.0772425959054458	0.283
2399A>G	2399	A>G	TRUE	FALSE	TRUE	FALSE	TRUE	FALSE	FALSE	Retained	< 3 confident cells	< 3 confident cells	FALSE	1	0.056	0.056	25	0.00520833333333333	3	0.032258064516129	0.0196078431372549	0.056	0.0144185149765439	0.686
2405C>T	2405	C>T	TRUE	TRUE	FALSE	TRUE	FALSE	TRUE	TRUE	strand r only	Retained	Retained	FALSE	13	0.154589371980676	0.622641509433962	48	0.0225391401611644	25	0.0492610837438424	0.00736648250460405	0.622641509433962	0.256822954973339	0.347
2407T>C	2407	T>C	TRUE	TRUE	FALSE	FALSE	FALSE	TRUE	FALSE	strand r only	Retained	< 10 cells at AF >= 0.05	FALSE	4	0.86046511627907	1	37	0.00480769230769231	6	0.412529748235982	0.0169934640522876	1	1.32836519872821	0.422
2408T>C	2408	T>C	TRUE	TRUE	FALSE	FALSE	FALSE	TRUE	FALSE	strand r only	Retained	< 10 cells at AF >= 0.05	FALSE	3	0.12037037037037	0.203980099502488	42	0.00418685876446191	5	0.0842332613390929	0.0220197418375095	0.203980099502488	0.0471065399216985	0.325
2412A>G	2412	A>G	TRUE	FALSE	FALSE	FALSE	FALSE	FALSE	FALSE	strand r only	< 3 confident cells	< 3 confident cells	FALSE	3	0.116915422885572	0.118811881188119	58	0.00359684380988019	6	0.0590651030759924	0.0136518771331058	0.118811881188119	0.0243020813628618	0.095
2414C>T	2414	C>T	TRUE	TRUE	FALSE	FALSE	FALSE	TRUE	FALSE	strand r only	Retained	< 10 cells at AF >= 0.05	FALSE	3	0.159722222222222	0.274193548387097	31	0.00600600600600601	9	0.0436893203883495	0.0118845500848896	0.274193548387097	0.0874538480182469	0.107
2416T>C	2416	T>C	TRUE	TRUE	FALSE	TRUE	FALSE	TRUE	TRUE	strand r only	Retained	Retained	FALSE	35	0.0909090909090909	1	196	0.0100565999595715	67	0.0353697749196142	0.00873998543335761	1	0.563262609040009	0.535
2417C>T	2417	C>T	TRUE	TRUE	FALSE	FALSE	FALSE	TRUE	FALSE	strand r only	Retained	< 10 cells at AF >= 0.05	FALSE	2	0.180803571428571	0.21875	16	0.0183363148479428	6	0.0307260486021746	0.0220338983050847	0.21875	0.0930732664349925	0.587
2419C>T	2419	C>T	TRUE	FALSE	FALSE	FALSE	FALSE	FALSE	FALSE	strand r only	< 3 confident cells	< 3 confident cells	FALSE	3	0.128571428571429	0.392156862745098	36	0.00451429441933682	4	0.0962267462267462	0.0100574712643678	0.392156862745098	0.183199806030597	0.216
2421G>A	2421	G>A	TRUE	FALSE	FALSE	FALSE	FALSE	FALSE	FALSE	strand r only	< 3 confident cells	< 3 confident cells	FALSE	5	0.0555555555555556	0.2	100	0.00426933731865568	3	0.0276243093922652	0.0098314606741573	0.0533333333333333	0.431264192921923	-0.249
2426C>T	2426	C>T	TRUE	TRUE	FALSE	FALSE	FALSE	TRUE	FALSE	strand r only	Retained	< 10 cells at AF >= 0.05	FALSE	3	0.0869565217391304	0.453703703703704	43	0.00397877984084881	7	0.028735632183908	0.00666666666666667	0.453703703703704	0.141429567580772	0.073
2433C>T	2433	C>T	TRUE	TRUE	FALSE	FALSE	FALSE	TRUE	FALSE	strand r only	Retained	< 10 cells at AF >= 0.05	FALSE	5	0.0662431941923775	0.247148288973384	44	0.00400743269108077	8	0.0597113107544262	0.00829493087557604	0.247148288973384	0.0816751070307186	0.411
2434A>C	2434	A>C	TRUE	FALSE	FALSE	FALSE	FALSE	FALSE	FALSE	strand r only	< 3 confident cells	< 3 confident cells	FALSE	6	0.0625	0.0909090909090909	170	0.00305208414189242	4	0.041533095425311	0.00878378378378378	0.0625	0.0378031452349542	-0.389
2434A>G	2434	A>G	TRUE	TRUE	FALSE	FALSE	FALSE	TRUE	FALSE	strand r only	Retained	< 10 cells at AF >= 0.05	FALSE	4	0.167200854700855	0.205128205128205	191	0.00371287128712871	10	0.0221214440409699	0.0114754098360656	0.205128205128205	0.0361356370024905	0.282
2435G>T	2435	G>T	TRUE	FALSE	FALSE	FALSE	FALSE	FALSE	FALSE	strand r only	< 3 confident cells	< 3 confident cells	FALSE	1	0.1	0.1	114	0.00278959562535381	2	0.0207888284831041	0.00384180790960452	0.0377358490566038	0.020803872592481	-0.237
2436G>A	2436	G>A	TRUE	TRUE	FALSE	FALSE	FALSE	TRUE	FALSE	strand r only	Retained	< 10 cells at AF >= 0.05	FALSE	4	0.333333333333333	1	307	0.00344234079173838	11	0.0301204819277108	0.00814332247557003	1	0.293414626569316	-0.007
2436G>T	2436	G>T	TRUE	FALSE	FALSE	FALSE	FALSE	FALSE	FALSE	strand r only	< 3 confident cells	< 3 confident cells	FALSE	1	0.0714285714285714	0.0714285714285714	103	0.00218579234972678	1	0.0119581464872945	0.0119581464872945	0.0119581464872945	0.015848328327444	-0.34
2437C>G	2437	C>G	TRUE	TRUE	FALSE	TRUE	FALSE	TRUE	TRUE	strand r only	Retained	Retained	FALSE	18	0.113780904682407	0.777777777777778	50	0.0316906019468331	32	0.0690141202763104	0.00350095480585614	0.777777777777778	0.320898209801673	0.52
2437C>T	2437	C>T	TRUE	TRUE	FALSE	FALSE	FALSE	TRUE	FALSE	strand r only	Retained	< 10 cells at AF >= 0.05	FALSE	7	0.0835654596100279	0.264705882352941	133	0.00378787878787879	14	0.0331103144688864	0.00378136816775524	0.264705882352941	0.120036180441216	0.086
2440G>A	2440	G>A	TRUE	FALSE	TRUE	FALSE	TRUE	FALSE	FALSE	Retained	< 3 confident cells	< 3 confident cells	FALSE	5	0.117021276595745	0.903225806451613	88	0.00315209021585236	6	0.0862884160756501	0.036697247706422	0.903225806451613	0.368690085738558	0.728
2441C>G	2441	C>G	TRUE	TRUE	FALSE	TRUE	FALSE	TRUE	TRUE	strand r only	Retained	Retained	FALSE	18	0.149991527577734	0.661764705882353	43	0.032967032967033	29	0.0689655172413793	0.00337990085624155	0.661764705882353	0.243213646573801	0.38
2441C>T	2441	C>T	TRUE	FALSE	FALSE	FALSE	FALSE	FALSE	FALSE	strand r only	< 3 confident cells	< 3 confident cells	FALSE	7	0.0769230769230769	0.102564102564103	179	0.00331858407079646	5	0.0296052631578947	0.0121317157712305	0.102564102564103	0.0537398192249868	-0.151
2442T>C	2442	T>C	TRUE	TRUE	TRUE	TRUE	TRUE	TRUE	TRUE	Retained	Retained	Retained	FALSE	4800	0.539433811802233	1	5260	0.496526270082501	4916	0.529411764705882	0.0045945945945946	1	0.310043171630968	0.949
2442T>G	2442	T>G	TRUE	TRUE	FALSE	TRUE	FALSE	TRUE	TRUE	strand r only	Retained	Retained	FALSE	20	0.139680042497548	0.661764705882353	58	0.0107374314530046	30	0.0762946053105851	0.00343642611683849	0.661764705882353	0.217131103349306	0.23
2443C>T	2443	C>T	TRUE	TRUE	FALSE	TRUE	FALSE	TRUE	TRUE	strand r only	Retained	Retained	FALSE	26	0.0987302486399736	1	97	0.0189125295508274	59	0.0359848484848485	0.00304197931454066	1	0.359419008930469	0.083
2445T>G	2445	T>G	TRUE	FALSE	FALSE	FALSE	FALSE	FALSE	FALSE	strand r only	< 3 confident cells	< 3 confident cells	FALSE	0			64	0.00165170251645579	0				0.038614194301533	-0.474
2447A>G	2447	A>G	TRUE	TRUE	FALSE	FALSE	FALSE	TRUE	FALSE	strand r only	Retained	< 10 cells at AF >= 0.05	FALSE	6	0.0786625434866641	0.230769230769231	34	0.00493505349477865	6	0.0783481439897033	0.0245231607629428	0.230769230769231	0.0532467167905525	0.578
2448G>A	2448	G>A	TRUE	TRUE	FALSE	TRUE	FALSE	TRUE	TRUE	strand r only	Retained	Retained	FALSE	1785	0.18407960199005	1	2253	0.13953488372093	1830	0.176470588235294	0.0046748831279218	1	0.588555844223687	0.125
2449G>A	2449	G>A	TRUE	TRUE	FALSE	TRUE	FALSE	TRUE	TRUE	strand r only	Retained	Retained	FALSE	668	0.120454709101382	1	1003	0.0756756756756757	735	0.0982658959537572	0.00407395800689439	1	0.56236254160885	0.031
2449G>T	2449	G>T	TRUE	FALSE	FALSE	FALSE	FALSE	FALSE	FALSE	strand r only	< 3 confident cells	< 3 confident cells	FALSE	9	0.0588235294117647	0.363636363636364	153	0.00356294536817102	9	0.0361990950226244	0.017156862745098	0.363636363636364	0.0900462459152827	-0.333
2450A>G	2450	A>G	TRUE	FALSE	FALSE	TRUE	FALSE	FALSE	FALSE	strand r only	< 3 confident cells	< 3 confident cells	FALSE	31	0.0968992248062016	1	89	0.0217864923747277	42	0.0585474308300395	0.00275545350172216	1	0.47197940299533	0.093
2452A>G	2452	A>G	TRUE	FALSE	FALSE	FALSE	FALSE	FALSE	FALSE	strand r only	< 3 confident cells	< 3 confident cells	FALSE	7	0.153846153846154	1	105	0.00408719346049046	10	0.0790002680246583	0.00342999688182102	1	0.514938805306334	-0.057
2453G>T	2453	G>T	TRUE	FALSE	FALSE	FALSE	FALSE	FALSE	FALSE	strand r only	< 3 confident cells	< 3 confident cells	FALSE	7	0.0666666666666667	0.153846153846154	125	0.00294550810014728	2	0.0102432974069458	0.0036231884057971	0.0168634064080944	0.541896862769807	-0.243
2454G>T	2454	G>T	TRUE	FALSE	FALSE	TRUE	FALSE	FALSE	FALSE	strand r only	< 3 confident cells	< 3 confident cells	FALSE	19	0.0769230769230769	0.727272727272727	186	0.00456630525437865	11	0.0563380281690141	0.0212765957446809	0.727272727272727	0.136443727284152	-0.103
2456T>C	2456	T>C	TRUE	TRUE	FALSE	FALSE	FALSE	TRUE	FALSE	strand r only	Retained	< 10 cells at AF >= 0.05	FALSE	2	0.205128205128205	0.256410256410256	24	0.00531892350074168	3	0.01326341764343	0.0069052102950408	0.256410256410256	0.0870463553534045	0.345
2457A>G	2457	A>G	TRUE	TRUE	FALSE	FALSE	FALSE	TRUE	FALSE	strand r only	Retained	< 10 cells at AF >= 0.05	FALSE	6	0.197104987792117	0.932203389830508	34	0.00234457265707266	4	0.347814207650273	0.131914893617021	0.932203389830508	0.660236271954453	0.636
2457A>T	2457	A>T	TRUE	TRUE	FALSE	TRUE	FALSE	TRUE	TRUE	strand r only	Retained	Retained	FALSE	25	0.137640449438202	0.639175257731959	125	0.00865950813993765	42	0.0510218819961002	0.00595710881652105	0.639175257731959	0.236477344970085	0.532
2460A>G	2460	A>G	TRUE	TRUE	TRUE	FALSE	TRUE	TRUE	FALSE	Retained	Retained	< 10 cells at AF >= 0.05	FALSE	2	0.32612231620039	0.586206896551724	24	0.00278681721039015	3	0.0660377358490566	0.0311457174638487	0.586206896551724	0.352198953435647	0.713
2463A>G	2463	A>G	TRUE	TRUE	FALSE	FALSE	FALSE	TRUE	FALSE	strand r only	Retained	< 10 cells at AF >= 0.05	FALSE	2	0.0977443609022556	0.142857142857143	73	0.00484261501210654	6	0.0281296114117068	0.0103896103896104	0.142857142857143	0.0263175109500848	0.198
2464G>A	2464	G>A	TRUE	FALSE	FALSE	TRUE	FALSE	FALSE	FALSE	strand r only	< 3 confident cells	< 3 confident cells	FALSE	11	0.0814814814814815	0.181818181818182	42	0.0139227996744565	10	0.0589805825242719	0.0181644359464627	0.161764705882353	0.134567645532619	0.025
2464G>T	2464	G>T	TRUE	FALSE	FALSE	TRUE	FALSE	FALSE	FALSE	strand r only	< 3 confident cells	< 3 confident cells	FALSE	17	0.0727272727272727	0.2	234	0.00362320029668234	6	0.0509266720386785	0.010989010989011	0.0943396226415094	0.236731017071477	-0.286
2469A>G	2469	A>G	TRUE	TRUE	FALSE	TRUE	FALSE	TRUE	TRUE	strand r only	Retained	Retained	FALSE	23	0.0714285714285714	0.342105263157895	516	0.00584795321637427	41	0.0248756218905473	0.00274348422496571	0.342105263157895	0.0662554011724418	0.341
2469A>T	2469	A>T	TRUE	FALSE	FALSE	FALSE	FALSE	FALSE	FALSE	strand r only	< 3 confident cells	< 3 confident cells	FALSE	9	0.0869565217391304	0.207070707070707	97	0.00303336703741153	12	0.0533812949640288	0.00855745721271394	0.207070707070707	0.0394387757906758	0.108
2470G>T	2470	G>T	TRUE	FALSE	FALSE	FALSE	FALSE	FALSE	FALSE	strand r only	< 3 confident cells	< 3 confident cells	FALSE	8	0.0645833333333333	0.0909090909090909	169	0.00425531914893617	6	0.0131998762436067	0.00416914830256105	0.0350877192982456	0.0211698708787371	-0.345
2471G>T	2471	G>T	TRUE	FALSE	FALSE	FALSE	FALSE	FALSE	FALSE	strand r only	< 3 confident cells	< 3 confident cells	FALSE	4	0.0748663101604278	0.1	85	0.00217155266015201	0				0.0421575567970763	-0.57
2472A>G	2472	A>G	TRUE	FALSE	FALSE	FALSE	FALSE	FALSE	FALSE	strand r only	< 3 confident cells	< 3 confident cells	FALSE	5	0.0758620689655172	0.147058823529412	44	0.00737247248875156	9	0.0526315789473684	0.00281293952180028	0.147058823529412	0.138877702550834	-0.09
2473A>G	2473	A>G	TRUE	FALSE	FALSE	FALSE	FALSE	FALSE	FALSE	strand r only	< 3 confident cells	< 3 confident cells	FALSE	8	0.0746457489878543	0.210526315789474	34	0.00460851513429999	2	0.141447368421053	0.0723684210526316	0.210526315789474	0.157438156899808	-0.18
2477G>A	2477	G>A	TRUE	FALSE	TRUE	FALSE	TRUE	FALSE	FALSE	Retained	< 3 confident cells	< 3 confident cells	FALSE	6	0.0575657894736842	0.167247386759582	57	0.00574712643678161	4	0.0394696268886833	0.0209677419354839	0.167247386759582	0.0424018660798317	0.702
2478G>A	2478	G>A	TRUE	TRUE	TRUE	TRUE	TRUE	TRUE	TRUE	Retained	Retained	Retained	FALSE	11	0.1	0.995192307692308	177	0.0043956043956044	11	0.032258064516129	0.00414214083278832	0.995192307692308	0.385399899460222	0.842
2479C>T	2479	C>T	TRUE	FALSE	FALSE	FALSE	FALSE	FALSE	FALSE	strand r only	< 3 confident cells	< 3 confident cells	FALSE	6	0.0678733031674208	0.0909090909090909	115	0.0044543429844098	5	0.0204081632653061	0.00381517592200085	0.0815450643776824	0.0294843690836245	0.011
2483T>C	2483	T>C	TRUE	FALSE	FALSE	FALSE	FALSE	FALSE	FALSE	strand r only	< 3 confident cells	< 3 confident cells	FALSE	6	0.0857771260997068	0.977272727272727	24	0.00874542330338097	7	0.0372208436724566	0.00939368061485909	0.977272727272727	0.781212712385715	0.287
2484C>T	2484	C>T	TRUE	TRUE	TRUE	FALSE	TRUE	TRUE	FALSE	Retained	Retained	< 10 cells at AF >= 0.05	FALSE	6	0.0847401938733208	0.307692307692308	20	0.0239929247974438	9	0.0815217391304348	0.0101237345331834	0.307692307692308	0.10136152066601	0.664
2485T>A	2485	T>A	TRUE	FALSE	FALSE	FALSE	FALSE	FALSE	FALSE	strand r only	< 3 confident cells	< 3 confident cells	FALSE	7	0.0833333333333333	0.174273858921162	31	0.00343642611683849	3	0.146666666666667	0.10126582278481	0.174273858921162	0.34854754043248	0.083
2485T>C	2485	T>C	TRUE	FALSE	FALSE	FALSE	FALSE	FALSE	FALSE	strand r only	< 3 confident cells	< 3 confident cells	FALSE	6	0.222051282051282	1	46	0.00665603473098988	6	0.222051282051282	0.0269230769230769	1	0.882208562843303	0.391
2486T>C	2486	T>C	TRUE	TRUE	FALSE	FALSE	FALSE	TRUE	FALSE	strand r only	Retained	< 10 cells at AF >= 0.05	FALSE	5	0.098159509202454	0.118811881188119	45	0.00754716981132076	7	0.0453661697990927	0.00688073394495413	0.118811881188119	0.0309834400538624	0.31
2487A>G	2487	A>G	TRUE	FALSE	TRUE	FALSE	TRUE	FALSE	FALSE	Retained	< 3 confident cells	< 3 confident cells	FALSE	6	0.0716432422876337	0.32824427480916	35	0.00396039603960396	3	0.1875	0.0692124105011933	0.32824427480916	0.103319942832343	0.858
2488C>A	2488	C>A	TRUE	TRUE	FALSE	TRUE	FALSE	TRUE	TRUE	strand r only	Retained	Retained	FALSE	11	0.0922330097087379	0.167701863354037	141	0.00353982300884956	9	0.0833333333333333	0.0142857142857143	0.167701863354037	0.0740949812561721	0.179
2492G>A	2492	G>A	TRUE	TRUE	TRUE	TRUE	TRUE	TRUE	TRUE	Retained	Retained	Retained	FALSE	13	0.0791666666666667	1	177	0.00471142520612485	7	0.0791666666666667	0.0225733634311512	1	0.230838124775075	0.803
2494C>A	2494	C>A	TRUE	FALSE	FALSE	FALSE	FALSE	FALSE	FALSE	VMR and strand r	< 3 confident cells	< 3 confident cells	FALSE	0			41	0.00235849056603774	0				0.00705938314584188	-0.346
2495T>C	2495	T>C	TRUE	FALSE	FALSE	FALSE	FALSE	FALSE	FALSE	strand r only	< 3 confident cells	< 3 confident cells	FALSE	5	0.0909090909090909	0.131474103585657	67	0.00321027287319422	4	0.0917481154518616	0.00864864864864865	0.131474103585657	0.0648037600783898	-0.024
2501C>T	2501	C>T	TRUE	TRUE	FALSE	FALSE	FALSE	TRUE	FALSE	strand r only	Retained	< 10 cells at AF >= 0.05	FALSE	5	0.0757780784844384	0.0851063829787234	28	0.00436552261235922	9	0.01915097350782	0.00579862941486558	0.0851063829787234	0.0733531029188512	0.244
2502C>A	2502	C>A	TRUE	FALSE	FALSE	FALSE	FALSE	FALSE	FALSE	strand r only	< 3 confident cells	< 3 confident cells	FALSE	8	0.0714285714285714	0.1	175	0.00240384615384615	0				0.0516718337721326	-0.255
2503A>C	2503	A>C	TRUE	TRUE	TRUE	FALSE	TRUE	TRUE	FALSE	Retained	Retained	< 10 cells at AF >= 0.05	FALSE	9	0.0777142857142857	0.822222222222222	57	0.00497512437810945	8	0.0851242301336939	0.0117073170731707	0.822222222222222	0.364128222835442	0.937
2506A>G	2506	A>G	TRUE	FALSE	FALSE	FALSE	FALSE	FALSE	FALSE	strand r only	< 3 confident cells	< 3 confident cells	FALSE	5	0.0909090909090909	0.2	33	0.00598802395209581	2	0.0674088134202021	0.0259067357512953	0.108910891089109	0.082836745499583	0.183
2508C>A	2508	C>A	TRUE	FALSE	FALSE	FALSE	FALSE	FALSE	FALSE	strand r only	< 3 confident cells	< 3 confident cells	FALSE	5	0.0555555555555556	0.1	171	0.00364298724954463	3	0.0119225037257824	0.00907911802853437	0.0273224043715847	0.045530347062843	-0.133
2511C>T	2511	C>T	TRUE	TRUE	TRUE	FALSE	TRUE	TRUE	FALSE	Retained	Retained	< 10 cells at AF >= 0.05	FALSE	5	0.0819672131147541	0.166666666666667	65	0.00626959247648903	7	0.0241212956581668	0.0116429495472186	0.0819672131147541	0.0895039361194011	0.777
2512A>G	2512	A>G	TRUE	FALSE	FALSE	FALSE	FALSE	FALSE	FALSE	strand r only	< 3 confident cells	< 3 confident cells	FALSE	4	0.106993006993007	1	69	0.003584229390681	6	0.0884652981427175	0.00591966173361522	1	0.539756631125602	0.2
2515T>C	2515	T>C	TRUE	FALSE	FALSE	FALSE	FALSE	FALSE	FALSE	strand r only	< 3 confident cells	< 3 confident cells	FALSE	6	0.120850874352332	0.381443298969072	28	0.00419294583012856	5	0.1484375	0.0203252032520325	0.381443298969072	0.164114242908202	0.241
2520C>T	2520	C>T	TRUE	FALSE	FALSE	FALSE	FALSE	FALSE	FALSE	strand r only	< 3 confident cells	< 3 confident cells	FALSE	1	0.0625	0.0625	37	0.00632911392405063	2	0.0558035714285714	0.0491071428571429	0.0625	0.877490642536307	0.227
2522T>C	2522	T>C	TRUE	TRUE	TRUE	FALSE	TRUE	TRUE	FALSE	Retained	Retained	< 10 cells at AF >= 0.05	FALSE	3	0.0824742268041237	0.086395233366435	24	0.00668020462287915	3	0.0824742268041237	0.00733496332518337	0.086395233366435	0.0194108518593895	0.946
2523C>T	2523	C>T	TRUE	TRUE	FALSE	TRUE	FALSE	TRUE	TRUE	strand r only	Retained	Retained	FALSE	13	0.173913043478261	0.878048780487805	30	0.0373641304347826	16	0.13422223728201	0.0108747044917258	0.878048780487805	0.69266147696188	0.529
2528G>A	2528	G>A	TRUE	TRUE	FALSE	TRUE	FALSE	TRUE	TRUE	strand r only	Retained	Retained	FALSE	36	0.126744876744877	0.996268656716418	72	0.0310102301790281	34	0.117548399463293	0.0199920031987205	0.996268656716418	0.419519000716739	0.601
2530A>G	2530	A>G	TRUE	TRUE	FALSE	FALSE	FALSE	TRUE	FALSE	strand r only	Retained	< 10 cells at AF >= 0.05	FALSE	4	0.111694395089646	0.201550387596899	36	0.00431905259491466	5	0.0975609756097561	0.0173548773189707	0.201550387596899	0.0545279379053477	0.613
2533A>G	2533	A>G	TRUE	FALSE	FALSE	TRUE	FALSE	FALSE	FALSE	strand r only	< 3 confident cells	< 3 confident cells	FALSE	10	0.0801282051282051	0.4125	101	0.00425531914893617	7	0.0540540540540541	0.00387943897344076	0.4125	0.424131282280812	-0.127
2535A>G	2535	A>G	TRUE	FALSE	FALSE	FALSE	FALSE	FALSE	FALSE	strand r only	< 3 confident cells	< 3 confident cells	FALSE	4	0.0787878787878788	0.773584905660377	122	0.00414341588374593	8	0.0203454766067624	0.00641773628938156	0.773584905660377	0.222242661712543	-0.028
2535A>T	2535	A>T	TRUE	FALSE	FALSE	FALSE	FALSE	FALSE	FALSE	strand r only	< 3 confident cells	< 3 confident cells	FALSE	3	0.133333333333333	0.170212765957447	55	0.00268817204301075	1	0.170212765957447	0.170212765957447	0.170212765957447	0.0452757070958105	-0.145
2537G>A	2537	G>A	TRUE	TRUE	FALSE	FALSE	FALSE	TRUE	FALSE	strand r only	Retained	< 10 cells at AF >= 0.05	FALSE	7	0.0807860262008734	0.267605633802817	142	0.0051948402417962	11	0.0446735395189003	0.00631412786108919	0.267605633802817	0.293717197048391	0.385
2538C>T	2538	C>T	TRUE	TRUE	FALSE	TRUE	FALSE	TRUE	TRUE	strand r only	Retained	Retained	FALSE	11	0.0666666666666667	0.375	153	0.0056657223796034	12	0.0181739476975086	0.00457102672292546	0.375	0.0928794490597191	0.453
2540C>T	2540	C>T	TRUE	FALSE	FALSE	FALSE	FALSE	FALSE	FALSE	strand r only	< 3 confident cells	< 3 confident cells	FALSE	1	0.0610687022900763	0.0610687022900763	46	0.00646488699502862	4	0.0168106010826371	0.00761145342515404	0.0610687022900763	0.0112178265956686	0.435
2541C>T	2541	C>T	TRUE	TRUE	FALSE	TRUE	FALSE	TRUE	TRUE	strand r only	Retained	Retained	FALSE	16	0.0655913978494624	0.181818181818182	288	0.00535522259660191	16	0.0280114242671521	0.00506072874493927	0.169014084507042	0.0480562574070741	0.481
2542G>A	2542	G>A	TRUE	TRUE	FALSE	FALSE	FALSE	TRUE	FALSE	strand r only	Retained	< 10 cells at AF >= 0.05	FALSE	6	0.0922587486744433	0.6875	195	0.00388349514563107	6	0.0224802804557406	0.00594648166501487	0.6875	0.307921145965657	0.113
2545T>C	2545	T>C	TRUE	TRUE	FALSE	FALSE	FALSE	TRUE	FALSE	strand r only	Retained	< 10 cells at AF >= 0.05	FALSE	3	0.0983606557377049	0.678571428571429	18	0.0100266371814846	5	0.037037037037037	0.0117647058823529	0.678571428571429	0.288429288424593	0.477
2547C>T	2547	C>T	TRUE	FALSE	FALSE	FALSE	FALSE	FALSE	FALSE	strand r only	< 3 confident cells	< 3 confident cells	FALSE	6	0.130681818181818	0.428571428571429	91	0.00400641025641026	7	0.06875	0.0339805825242718	0.428571428571429	0.0689946223283679	0.168
2575T>G	2575	T>G	TRUE	FALSE	FALSE	TRUE	FALSE	FALSE	FALSE	strand r only	< 3 confident cells	< 3 confident cells	FALSE	24	0.0839160839160839	1	157	0.00408163265306122	19	0.108108108108108	0.0112299465240642	1	0.246711155219661	-0.069
2577C>T	2577	C>T	TRUE	FALSE	FALSE	FALSE	FALSE	FALSE	FALSE	strand r only	< 3 confident cells	< 3 confident cells	FALSE	7	0.217741935483871	0.618181818181818	22	0.0101149831253434	12	0.0701987681970885	0.00514726908778953	0.618181818181818	0.815149451127127	-0.036
2585G>A	2585	G>A	TRUE	FALSE	FALSE	FALSE	FALSE	FALSE	FALSE	strand r only	< 3 confident cells	< 3 confident cells	FALSE	7	0.0588235294117647	0.236842105263158	130	0.00390466325452921	7	0.0297029702970297	0.00651465798045603	0.236842105263158	0.0303124723364855	-0.088
2614T>A	2614	T>A	TRUE	FALSE	FALSE	TRUE	FALSE	FALSE	FALSE	strand r only	< 3 confident cells	< 3 confident cells	FALSE	30	0.103020055970149	0.909090909090909	58	0.0516522661815977	39	0.0732323232323232	0.0053696819496076	0.909090909090909	0.460173325301	-0.133
2617A>C	2617	A>C	TRUE	TRUE	FALSE	FALSE	FALSE	TRUE	FALSE	strand r only	Retained	Blacklisted position	TRUE	215	0.12280701754386	1	370	0.0586237212276215	274	0.0842198581560284	0.00524475524475525	1	0.382200599134892	0.013
2617A>G	2617	A>G	TRUE	TRUE	FALSE	FALSE	FALSE	TRUE	FALSE	strand r only	Retained	Blacklisted position	TRUE	4363	0.403669724770642	1	4401	0.401700318809777	4129	0.417910447761194	0.0225806451612903	1	0.247561902938326	0.444
2617A>T	2617	A>T	TRUE	TRUE	FALSE	FALSE	FALSE	TRUE	FALSE	strand r only	Retained	Blacklisted position	TRUE	4726	0.548659432295118	1	4720	0.549032964684511	4543	0.561797752808989	0.033112582781457	1	0.198236796851326	0.478
2623A>G	2623	A>G	TRUE	TRUE	FALSE	TRUE	FALSE	TRUE	TRUE	strand r only	Retained	Retained	FALSE	19	0.621359223300971	1	28	0.259054325955734	15	0.962962962962963	0.232394366197183	1	1.53023460868894	0.312
263A>G	263	A>G	TRUE	TRUE	FALSE	FALSE	FALSE	TRUE	FALSE	strand r only	Retained	< 10 cells at AF >= 0.05	FALSE	8	1	1	8	1	8	1	0.9	1	0.409047383593124	0.204
2702G>A	2702	G>A	TRUE	FALSE	FALSE	TRUE	FALSE	FALSE	FALSE	strand r only	< 3 confident cells	< 3 confident cells	FALSE	14	0.0645833333333333	1	28	0.00932811480756686	3	0.457142857142857	0.043859649122807	1	0.834045897723763	0.051
2706A>G	2706	A>G	TRUE	TRUE	FALSE	TRUE	FALSE	TRUE	TRUE	VMR and strand r	Retained	Retained	FALSE	4743	1	1	4743	1	4743	1	0.866666666666667	1	0.000203160560765195	0.548
2713C>T	2713	C>T	TRUE	FALSE	FALSE	TRUE	FALSE	FALSE	FALSE	strand r only	< 3 confident cells	< 3 confident cells	FALSE	10	0.0645833333333333	1	32	0.00938714891014721	5	0.0381679389312977	0.0272108843537415	1	0.487855169390966	0.314
2737T>C	2737	T>C	TRUE	FALSE	FALSE	FALSE	FALSE	FALSE	FALSE	strand r only	< 3 confident cells	< 3 confident cells	FALSE	6	0.383064516129032	1	11	0.0294117647058824	5	0.5	0.0495049504950495	1	1.11226953253121	0.058
2761C>T	2761	C>T	TRUE	TRUE	FALSE	TRUE	FALSE	TRUE	TRUE	strand r only	Retained	Retained	FALSE	11	0.0909090909090909	0.536585365853659	23	0.0375	11	0.087719298245614	0.00966183574879227	0.536585365853659	0.133170317818302	0.259
2763T>C	2763	T>C	TRUE	FALSE	FALSE	FALSE	FALSE	FALSE	FALSE	strand r only	< 3 confident cells	< 3 confident cells	FALSE	5	0.0952380952380952	0.295454545454545	23	0.0185185185185185	5	0.0952380952380952	0.00936599423631124	0.295454545454545	0.0552386116438408	0.128
2774C>T	2774	C>T	TRUE	TRUE	TRUE	TRUE	TRUE	TRUE	TRUE	Retained	Retained	Retained	FALSE	23	0.0909090909090909	0.533333333333333	44	0.0370497036023712	18	0.105754706019056	0.0253807106598985	0.533333333333333	0.188588641945881	0.674
2778T>C	2778	T>C	TRUE	TRUE	TRUE	TRUE	TRUE	TRUE	TRUE	Retained	Retained	Retained	FALSE	11	0.0786516853932584	0.923076923076923	21	0.0136986301369863	6	0.2174693231297	0.0100286532951289	0.923076923076923	0.157426172839269	0.915
2780C>T	2780	C>T	TRUE	TRUE	FALSE	TRUE	FALSE	TRUE	TRUE	strand r only	Retained	Retained	FALSE	16	0.196774193548387	0.733333333333333	32	0.0572849807445443	17	0.161764705882353	0.00861008610086101	0.733333333333333	0.32769197564808	0.305
2796G>A	2796	G>A	TRUE	FALSE	FALSE	TRUE	FALSE	FALSE	FALSE	strand r only	< 3 confident cells	< 3 confident cells	FALSE	10	0.0666666666666667	0.181818181818182	52	0.00975258044930176	3	0.0659340659340659	0.0161943319838057	0.0943396226415094	0.039014766870026	-0.11
2805A>G	2805	A>G	TRUE	TRUE	TRUE	TRUE	TRUE	TRUE	TRUE	Retained	Retained	Retained	FALSE	10	0.975383771929825	1	18	0.304828150572831	11	0.973684210526316	0.043956043956044	1	0.926552505254039	0.977
2809C>T	2809	C>T	TRUE	TRUE	FALSE	TRUE	FALSE	TRUE	TRUE	strand r only	Retained	Retained	FALSE	20	0.0710084033613445	0.314285714285714	47	0.0201106083459025	18	0.0619896443425855	0.00703871292106586	0.314285714285714	0.0619049936930914	0.528
2814G>T	2814	G>T	TRUE	TRUE	FALSE	TRUE	FALSE	TRUE	TRUE	strand r only	Retained	Retained	FALSE	20	0.0883116883116883	0.565217391304348	39	0.0177514792899408	12	0.123676944316613	0.0280701754385965	0.565217391304348	0.156440144359706	0.159
2818C>T	2818	C>T	TRUE	FALSE	FALSE	TRUE	FALSE	FALSE	FALSE	strand r only	< 3 confident cells	< 3 confident cells	FALSE	33	0.0740740740740741	0.238095238095238	120	0.0134228187919463	8	0.0508714386777285	0.0132743362831858	0.238095238095238	0.0847771188971347	0.028
2831G>A	2831	G>A	TRUE	FALSE	TRUE	FALSE	TRUE	FALSE	FALSE	Retained	< 3 confident cells	< 3 confident cells	FALSE	4	0.0862876254180602	1	15	0.0222222222222222	4	0.0756038647342995	0.0112044817927171	1	0.544857526429081	0.886
2832A>G	2832	A>G	FALSE	TRUE	TRUE	FALSE	FALSE	TRUE	FALSE	< 3 confident cells	Retained	< 10 cells at AF >= 0.05	FALSE	6	0.0907464212678937	0.666666666666667	10	0.0223124564209836	3	0.098159509202454	0.0199335548172757	0.666666666666667	0.0455742377468381	0.837
2833A>G	2833	A>G	TRUE	TRUE	FALSE	TRUE	FALSE	TRUE	TRUE	strand r only	Retained	Retained	FALSE	12	0.366876310272537	1	25	0.0338983050847458	6	1	0.622641509433962	1	1.23922780626895	0.612
2838A>G	2838	A>G	TRUE	FALSE	FALSE	FALSE	FALSE	FALSE	FALSE	strand r only	< 3 confident cells	< 3 confident cells	FALSE	8	0.0741758241758242	0.0975609756097561	22	0.0168114713569259	3	0.0795107033639144	0.0419161676646707	0.0975609756097561	0.0297485453493159	0.636
2865C>T	2865	C>T	TRUE	FALSE	FALSE	TRUE	FALSE	FALSE	FALSE	strand r only	< 3 confident cells	< 3 confident cells	FALSE	11	0.111111111111111	0.711538461538462	17	0.0675675675675676	14	0.103111319574734	0.0273972602739726	0.711538461538462	0.261160513036479	0.154
2898T>C	2898	T>C	TRUE	TRUE	FALSE	TRUE	FALSE	TRUE	TRUE	strand r only	Retained	Retained	FALSE	30	0.105900621118012	1	45	0.0735785953177258	26	0.112504394702918	0.0138339920948617	1	0.28895157116903	0.018
2943G>A	2943	G>A	TRUE	FALSE	TRUE	FALSE	TRUE	FALSE	FALSE	Retained	< 3 confident cells	< 3 confident cells	FALSE	6	0.126623376623377	0.514285714285714	46	0.00750915750915751	5	0.181818181818182	0.0177383592017738	0.514285714285714	0.100002832047691	0.696
2950T>C	2950	T>C	TRUE	TRUE	FALSE	TRUE	FALSE	TRUE	TRUE	strand r only	Retained	Retained	FALSE	13	0.0869565217391304	0.571428571428571	32	0.0185950886516699	15	0.0628272251308901	0.0138888888888889	0.571428571428571	0.17991900243504	-0.001
2960T>C	2960	T>C	TRUE	TRUE	TRUE	TRUE	TRUE	TRUE	TRUE	Retained	Retained	Retained	FALSE	137	0.0897435897435897	1	231	0.0529556650246305	175	0.0678733031674208	0.00937081659973226	1	0.216997133335987	0.708
3010G>A	3010	G>A	TRUE	TRUE	FALSE	TRUE	FALSE	TRUE	TRUE	strand r only	Retained	Retained	FALSE	98	0.0866254689913926	0.870967741935484	220	0.043217349197565	149	0.0583804143126177	0.0069060773480663	0.870967741935484	0.222044629727047	0.002
3022G>A	3022	G>A	TRUE	TRUE	FALSE	TRUE	FALSE	TRUE	TRUE	strand r only	Retained	Retained	FALSE	23	0.0833333333333333	1	110	0.00807946252751072	19	0.0670731707317073	0.0158102766798419	1	0.291623151040944	0.426
3030A>G	3030	A>G	TRUE	TRUE	FALSE	TRUE	FALSE	TRUE	TRUE	strand r only	Retained	Retained	FALSE	233	0.0895522388059701	0.979166666666667	581	0.03690036900369	359	0.0531914893617021	0.00632911392405063	0.979166666666667	0.242746445938646	-0.06
3036G>A	3036	G>A	TRUE	FALSE	TRUE	FALSE	TRUE	FALSE	FALSE	Retained	< 3 confident cells	< 3 confident cells	FALSE	6	0.338836477987421	1	30	0.00843321242706198	4	0.721412235563179	0.0488245931283906	1	0.522546143298844	0.912
3039T>G	3039	T>G	TRUE	FALSE	FALSE	TRUE	FALSE	FALSE	FALSE	strand r only	< 3 confident cells	< 3 confident cells	FALSE	22	0.0750585480093677	0.35	48	0.0314980158730159	18	0.069046516244293	0.0153061224489796	0.35	0.107955219986438	-0.059
3061G>A	3061	G>A	TRUE	TRUE	TRUE	FALSE	TRUE	TRUE	FALSE	Retained	Retained	< 10 cells at AF >= 0.05	FALSE	3	1	1	7	0.0327868852459016	3	1	1	1	1.53978780808508	0.672
3091G>A	3091	G>A	TRUE	TRUE	TRUE	TRUE	TRUE	TRUE	TRUE	Retained	Retained	Retained	FALSE	11	0.0823529411764706	1	26	0.0158536585365854	11	0.0823529411764706	0.0046882325363338	1	0.915638190179484	0.827
310T>C	310	T>C	TRUE	TRUE	FALSE	FALSE	FALSE	TRUE	FALSE	strand r only	Retained	Blacklisted position	TRUE	13	0.941176470588235	1	13	0.941176470588235	13	0.941176470588235	0.380952380952381	1	0.060829859203681	0.045
3173G>A	3173	G>A	TRUE	TRUE	TRUE	TRUE	TRUE	TRUE	TRUE	Retained	Retained	Retained	FALSE	5235	0.875	1	5241	0.875	5207	0.876923076923077	0.046242774566474	1	0.0825078703698449	0.75
3176A>T	3176	A>T	TRUE	TRUE	FALSE	TRUE	FALSE	TRUE	TRUE	strand r only	Retained	Retained	FALSE	5221	0.869127516778524	1	5230	0.868708901704582	5192	0.870677664036861	0.0253164556962025	1	0.0854549913977516	0.162
3178T>A	3178	T>A	TRUE	TRUE	FALSE	TRUE	FALSE	TRUE	TRUE	strand r only	Retained	Retained	FALSE	5201	0.884	1	5210	0.88357170846395	5178	0.884615384615385	0.0304182509505703	1	0.0821567556677632	0.187
3188T>C	3188	T>C	TRUE	TRUE	TRUE	TRUE	TRUE	TRUE	TRUE	Retained	Retained	Retained	FALSE	14	0.111630893414052	0.966101694915254	13	0.130434782608696	8	0.460526315789474	0.0641025641025641	0.966101694915254	0.65840921552297	0.771
3358G>A	3358	G>A	TRUE	FALSE	TRUE	TRUE	TRUE	FALSE	FALSE	Retained	< 3 confident cells	< 3 confident cells	FALSE	23	0.0714285714285714	1	22	0.0590277777777778	6	0.660427807486631	0.178571428571429	1	0.483327784846427	0.749
3381A>G	3381	A>G	TRUE	TRUE	TRUE	TRUE	TRUE	TRUE	TRUE	Retained	Retained	Retained	FALSE	24	0.178302675585284	0.728971962616822	24	0.178302675585284	16	0.2375	0.0943396226415094	0.728971962616822	0.335840028507268	0.923
3407G>A	3407	G>A	TRUE	FALSE	TRUE	TRUE	TRUE	FALSE	FALSE	Retained	< 3 confident cells	< 3 confident cells	FALSE	16	0.0851449275362319	0.305555555555556	35	0.0392156862745098	3	0.15	0.0563380281690141	0.305555555555556	0.0811569304461048	0.677
3727T>C	3727	T>C	TRUE	TRUE	FALSE	TRUE	FALSE	TRUE	TRUE	strand r only	Retained	Retained	FALSE	271	0.791666666666667	1	264	0.8	246	0.811011904761905	0.0943396226415094	1	0.388664428915716	0.588
4175G>A	4175	G>A	TRUE	TRUE	FALSE	TRUE	FALSE	TRUE	TRUE	strand r only	Retained	Retained	FALSE	44	1	1	45	1	41	1	0.142857142857143	1	0.503767954889502	0.375
4222T>C	4222	T>C	TRUE	TRUE	TRUE	TRUE	TRUE	TRUE	TRUE	Retained	Retained	Retained	FALSE	33	1	1	33	1	32	1	0.439024390243902	1	0.508710627310151	0.677
4248T>C	4248	T>C	TRUE	TRUE	FALSE	TRUE	FALSE	TRUE	TRUE	VMR and strand r	Retained	Retained	FALSE	19	1	1	19	1	19	1	1	1	0	0.226
4440G>A	4440	G>A	TRUE	TRUE	TRUE	FALSE	TRUE	TRUE	FALSE	Retained	Retained	< 10 cells at AF >= 0.05	FALSE	4	1	1	4	1	4	1	1	1	0.208996662057707	0.984
4769A>G	4769	A>G	TRUE	TRUE	FALSE	TRUE	FALSE	TRUE	TRUE	VMR and strand r	Retained	Retained	FALSE	927	1	1	927	1	927	1	0.947368421052632	1	0.000706030918622358	0.302
4824A>G	4824	A>G	TRUE	TRUE	FALSE	TRUE	FALSE	TRUE	TRUE	VMR and strand r	Retained	Retained	FALSE	1488	1	1	1488	1	1488	1	0.8	1	0.00153892374481905	0.593
4886C>T	4886	C>T	TRUE	TRUE	FALSE	TRUE	FALSE	TRUE	TRUE	strand r only	Retained	Retained	FALSE	390	1	1	381	1	366	1	0.2	1	0.626424646426996	0.092
5027C>T	5027	C>T	TRUE	TRUE	FALSE	TRUE	FALSE	TRUE	TRUE	strand r only	Retained	Retained	FALSE	199	0.709677419354839	1	185	0.769230769230769	166	0.810202550637659	0.0655737704918033	1	0.280623619868938	0.59
5031G>A	5031	G>A	TRUE	TRUE	FALSE	TRUE	FALSE	TRUE	TRUE	strand r only	Retained	Retained	FALSE	200	0.704838709677419	1	187	0.764705882352941	170	0.8	0.137931034482759	1	0.275684846404309	0.615
5917G>A	5917	G>A	TRUE	FALSE	FALSE	TRUE	FALSE	FALSE	FALSE	strand r only	< 3 confident cells	< 3 confident cells	FALSE	26	0.0666666666666667	0.315789473684211	83	0.0162107396149949	12	0.047094388094078	0.0154241645244216	0.315789473684211	0.0566716802126763	0.474
5950G>A	5950	G>A	TRUE	FALSE	TRUE	TRUE	TRUE	FALSE	FALSE	Retained	< 3 confident cells	< 3 confident cells	FALSE	16	0.106451612903226	0.602564102564103	23	0.0645161290322581	9	0.153846153846154	0.0563380281690141	0.602564102564103	0.219217285210954	0.98
5969C>T	5969	C>T	TRUE	FALSE	FALSE	TRUE	FALSE	FALSE	FALSE	strand r only	< 3 confident cells	< 3 confident cells	FALSE	19	0.0645161290322581	0.166666666666667	111	0.0119047619047619	6	0.0311916099089868	0.0091743119266055	0.117647058823529	0.0430811326328566	0.029
5970G>A	5970	G>A	TRUE	TRUE	TRUE	TRUE	TRUE	TRUE	TRUE	Retained	Retained	Retained	FALSE	10	0.537254901960784	1	31	0.0163934426229508	7	0.997275204359673	0.105769230769231	1	0.468825307731877	0.999
5972C>T	5972	C>T	TRUE	FALSE	FALSE	TRUE	FALSE	FALSE	FALSE	strand r only	< 3 confident cells	< 3 confident cells	FALSE	10	0.0652482269503546	0.0866666666666667	101	0.0137931034482759	6	0.0532964725643897	0.0219435736677116	0.0866666666666667	0.0297718590819938	0.419
5973G>A	5973	G>A	TRUE	TRUE	TRUE	TRUE	TRUE	TRUE	TRUE	Retained	Retained	Retained	FALSE	26	0.0653462998102467	1	139	0.0121951219512195	9	0.0661764705882353	0.0089171974522293	1	0.216634142804403	0.75
5975A>G	5975	A>G	TRUE	TRUE	FALSE	TRUE	FALSE	TRUE	TRUE	strand r only	Retained	Retained	FALSE	14	0.0698051948051948	0.208333333333333	54	0.0158521303258145	4	0.0760120018950361	0.00442151805453206	0.208333333333333	0.0640291462336364	0.645
5978A>G	5978	A>G	TRUE	TRUE	TRUE	TRUE	TRUE	TRUE	TRUE	Retained	Retained	Retained	FALSE	14	0.0748112560054907	0.976303317535545	95	0.0125786163522013	7	0.163265306122449	0.0156862745098039	0.976303317535545	0.38499664622372	0.969
5979G>A	5979	G>A	TRUE	TRUE	TRUE	FALSE	TRUE	TRUE	FALSE	Retained	Retained	< 10 cells at AF >= 0.05	FALSE	7	0.0612244897959184	1	32	0.0157490079365079	5	0.162162162162162	0.015625	1	0.693203212711514	0.932
5981T>C	5981	T>C	TRUE	FALSE	FALSE	TRUE	FALSE	FALSE	FALSE	strand r only	< 3 confident cells	< 3 confident cells	FALSE	10	0.0655913978494624	0.153846153846154	95	0.0125523012552301	4	0.0349733028222731	0.0226628895184136	0.142857142857143	0.0441649683597536	0.399
5984A>G	5984	A>G	TRUE	FALSE	FALSE	TRUE	FALSE	FALSE	FALSE	strand r only	< 3 confident cells	< 3 confident cells	FALSE	33	0.0869565217391304	0.5	124	0.0156335877862595	25	0.0827586206896552	0.0298245614035088	0.5	0.127668188139439	0.35
5985G>A	5985	G>A	TRUE	TRUE	TRUE	FALSE	TRUE	TRUE	FALSE	Retained	Retained	< 10 cells at AF >= 0.05	FALSE	7	0.0740740740740741	1	17	0.0306122448979592	4	0.390062597809077	0.0604026845637584	1	1.7930527812591	0.982
5989T>C	5989	T>C	TRUE	FALSE	FALSE	FALSE	FALSE	FALSE	FALSE	strand r only	< 3 confident cells	< 3 confident cells	FALSE	2	0.0602355072463768	0.0625	44	0.00941306755260244	2	0.0388474401852328	0.019723865877712	0.0579710144927536	0.0177484141432459	0.397
5990A>G	5990	A>G	TRUE	TRUE	TRUE	TRUE	TRUE	TRUE	TRUE	Retained	Retained	Retained	FALSE	22	0.0709255533199195	0.155555555555556	135	0.016260162601626	18	0.0655403228693131	0.00720906282183316	0.155555555555556	0.0688761726267198	0.909
5992G>A	5992	G>A	TRUE	FALSE	FALSE	FALSE	FALSE	FALSE	FALSE	strand r only	< 3 confident cells	< 3 confident cells	FALSE	3	0.0625	0.0697674418604651	54	0.00953241604477612	4	0.0201128472222222	0.00823421774931381	0.0563380281690141	0.0156237698337991	0.518
5995C>T	5995	C>T	TRUE	FALSE	FALSE	FALSE	FALSE	FALSE	FALSE	strand r only	< 3 confident cells	< 3 confident cells	FALSE	4	0.0692951015531661	0.133333333333333	35	0.0118343195266272	2	0.0539861895794099	0.0338983050847458	0.0740740740740741	0.0413196012926841	0.356
5996A>G	5996	A>G	TRUE	TRUE	TRUE	TRUE	TRUE	TRUE	TRUE	Retained	Retained	Retained	FALSE	17	0.0649350649350649	0.480519480519481	156	0.0120899992694865	10	0.0660998194630482	0.00945945945945946	0.480519480519481	0.0835394374911048	0.766
5996A>T	5996	A>T	TRUE	FALSE	FALSE	FALSE	FALSE	FALSE	FALSE	strand r only	< 3 confident cells	< 3 confident cells	FALSE	7	0.0714285714285714	0.204545454545455	26	0.0175925925925926	4	0.0482456140350877	0.0241545893719807	0.204545454545455	0.0675784181512307	0.126
5997G>A	5997	G>A	TRUE	FALSE	FALSE	TRUE	FALSE	FALSE	FALSE	strand r only	< 3 confident cells	< 3 confident cells	FALSE	16	0.0608294930875576	0.133333333333333	149	0.0130718954248366	1	0.0754716981132076	0.0754716981132076	0.0754716981132076	0.0385549741438128	0.461
5999T>C	5999	T>C	TRUE	TRUE	TRUE	FALSE	TRUE	TRUE	FALSE	Retained	Retained	< 10 cells at AF >= 0.05	FALSE	8	0.0564327485380117	1	56	0.0108999108999109	3	0.0573099415204678	0.00668002672010688	1	0.408206279005311	0.981
6001T>C	6001	T>C	TRUE	FALSE	FALSE	FALSE	FALSE	FALSE	FALSE	strand r only	< 3 confident cells	< 3 confident cells	FALSE	6	0.0625610948191593	0.0714285714285714	72	0.0134234234234234	2	0.0355425504156261	0.0207253886010363	0.0503597122302158	0.0523324641129372	0.373
6004G>A	6004	G>A	TRUE	FALSE	TRUE	FALSE	TRUE	FALSE	FALSE	Retained	< 3 confident cells	< 3 confident cells	FALSE	4	0.333800841514727	0.865384615384615	25	0.0110497237569061	2	0.723014888337469	0.580645161290323	0.865384615384615	0.692569036640141	0.99
6007T>C	6007	T>C	TRUE	TRUE	FALSE	FALSE	FALSE	TRUE	FALSE	strand r only	Retained	< 10 cells at AF >= 0.05	FALSE	5	0.0952380952380952	0.307692307692308	74	0.0113084589828776	5	0.0357142857142857	0.0104790419161677	0.307692307692308	0.0262496212718761	0.429
6009C>T	6009	C>T	TRUE	TRUE	TRUE	FALSE	TRUE	TRUE	FALSE	Retained	Retained	< 10 cells at AF >= 0.05	FALSE	8	0.0845170454545455	0.52	48	0.0133485775375661	14	0.0505311423710528	0.00602600697748176	0.52	0.108729967407458	0.991
6134C>T	6134	C>T	TRUE	TRUE	FALSE	TRUE	FALSE	TRUE	TRUE	strand r only	Retained	Retained	FALSE	177	0.0909090909090909	0.875	226	0.0666666666666667	90	0.0917508417508417	0.014797507788162	0.875	0.19871303885929	0.105
6168G>A	6168	G>A	TRUE	TRUE	FALSE	TRUE	FALSE	TRUE	TRUE	strand r only	Retained	Retained	FALSE	18	0.0930735930735931	1	8	0.987804878048781	6	1	0.333333333333333	1	0.583184149184858	0.592
6409T>C	6409	T>C	TRUE	TRUE	FALSE	TRUE	FALSE	TRUE	TRUE	strand r only	Retained	Retained	FALSE	107	0.150501672240803	1	142	0.102566799915843	101	0.151515151515152	0.0168539325842697	1	0.329084986712095	0.336
6411A>C	6411	A>C	TRUE	TRUE	FALSE	TRUE	FALSE	TRUE	TRUE	strand r only	Retained	Retained	FALSE	119	0.153846153846154	1	160	0.101075268817204	113	0.155709342560554	0.00892857142857143	1	0.356333338420649	0.171
6440C>A	6440	C>A	TRUE	TRUE	FALSE	TRUE	FALSE	TRUE	TRUE	strand r only	Retained	Retained	FALSE	137	0.129032258064516	1	210	0.0667491749174917	138	0.125437062937063	0.0108626198083067	1	0.2482059959561	0.03
6441C>G	6441	C>G	TRUE	TRUE	FALSE	TRUE	FALSE	TRUE	TRUE	strand r only	Retained	Retained	FALSE	132	0.130724538619275	1	204	0.0680318197388954	136	0.125590625590626	0.00987166831194472	1	0.256720448195294	0.347
6559T>C	6559	T>C	TRUE	FALSE	TRUE	FALSE	TRUE	FALSE	FALSE	Retained	< 3 confident cells	< 3 confident cells	FALSE	6	0.0625610948191593	0.181818181818182	34	0.0103359863255168	1	0.0374531835205993	0.0374531835205993	0.0374531835205993	0.0256727760859161	0.884
6570G>A	6570	G>A	TRUE	TRUE	FALSE	TRUE	FALSE	TRUE	TRUE	strand r only	Retained	Retained	FALSE	10	0.0879772961816306	0.340909090909091	90	0.00879329004329004	5	0.0740740740740741	0.0235934664246824	0.340909090909091	0.186643670470812	0.526
6571C>T	6571	C>T	TRUE	FALSE	FALSE	FALSE	FALSE	FALSE	FALSE	strand r only	< 3 confident cells	< 3 confident cells	FALSE	7	0.1	0.133333333333333	77	0.00985221674876847	2	0.0239515006956867	0.0143112701252236	0.0335917312661499	0.16495053022812	0.631
6572C>T	6572	C>T	TRUE	FALSE	TRUE	FALSE	TRUE	FALSE	FALSE	Retained	< 3 confident cells	< 3 confident cells	FALSE	7	0.0897435897435897	0.174825174825175	73	0.01	4	0.0658298787041302	0.026431718061674	0.174825174825175	0.0321520406329166	0.768
6573G>A	6573	G>A	TRUE	FALSE	FALSE	FALSE	FALSE	FALSE	FALSE	strand r only	< 3 confident cells	< 3 confident cells	FALSE	2	0.209411764705882	0.36	32	0.00887026984501613	2	0.188100147275405	0.01620029455081	0.36	0.333993366307794	0.572
6575A>G	6575	A>G	TRUE	TRUE	FALSE	TRUE	FALSE	TRUE	TRUE	strand r only	Retained	Retained	FALSE	26	0.098	1	88	0.0161290322580645	16	0.07925	0.0181818181818182	1	1.69181934484768	0.012
6576G>A	6576	G>A	TRUE	FALSE	FALSE	FALSE	FALSE	FALSE	FALSE	strand r only	< 3 confident cells	< 3 confident cells	FALSE	7	0.125	0.307692307692308	26	0.0146660290132313	2	0.169569424286405	0.0314465408805031	0.307692307692308	0.227430032192106	-0.316
6581A>G	6581	A>G	TRUE	FALSE	FALSE	TRUE	FALSE	FALSE	FALSE	strand r only	< 3 confident cells	< 3 confident cells	FALSE	22	0.10307621671258	0.583333333333333	80	0.0236279069767442	14	0.103770661157025	0.0199335548172757	0.583333333333333	1.6559612731608	0.04
6611A>T	6611	A>T	TRUE	TRUE	TRUE	FALSE	TRUE	TRUE	FALSE	Retained	Retained	< 10 cells at AF >= 0.05	FALSE	8	0.0944458502024291	0.137096774193548	18	0.00502715675129468	3	0.134615384615385	0.0951417004048583	0.137096774193548	0.13935695831063	0.951
663A>G	663	A>G	TRUE	TRUE	FALSE	TRUE	FALSE	TRUE	TRUE	VMR only	Retained	Retained	FALSE	6873	1	1	6873	1	6873	1	0.722007722007722	1	0.00047213443449696	0.995
6674T>A	6674	T>A	TRUE	TRUE	FALSE	TRUE	FALSE	TRUE	TRUE	strand r only	Retained	Retained	FALSE	52	0.171171171171171	1	39	0.461538461538462	30	0.704365079365079	0.0709219858156028	1	0.468158601192363	0.157
6676T>A	6676	T>A	TRUE	TRUE	FALSE	TRUE	FALSE	TRUE	TRUE	strand r only	Retained	Retained	FALSE	42	0.439102564102564	1	39	0.5	31	0.727272727272727	0.08	1	0.290817190090025	-0.004
701G>A	701	G>A	TRUE	FALSE	FALSE	FALSE	FALSE	FALSE	FALSE	strand r only	< 3 confident cells	< 3 confident cells	FALSE	6	0.141688855077976	1	257	0.000706464146944543	12	0.0150241339465421	0.00372643577378343	1	0.875212379751033	0.304
7028C>T	7028	C>T	TRUE	TRUE	FALSE	TRUE	FALSE	TRUE	TRUE	VMR and strand r	Retained	Retained	FALSE	657	1	1	657	1	657	1	0.909090909090909	1	0.000320218085811699	0.215
7056G>A	7056	G>A	TRUE	TRUE	FALSE	FALSE	FALSE	TRUE	FALSE	strand r only	Retained	< 10 cells at AF >= 0.05	FALSE	6	1	1	6	1	6	1	0.5	1	0.858270107226422	0.505
708C>A	708	C>A	TRUE	FALSE	FALSE	FALSE	FALSE	FALSE	FALSE	strand r only	< 3 confident cells	< 3 confident cells	FALSE	2	0.0833333333333333	0.1	102	0.000368406418306182	3	0.030952380952381	0.00513428120063191	0.0377358490566038	0.0291217553989842	-0.264
710T>G	710	T>G	TRUE	FALSE	FALSE	FALSE	FALSE	FALSE	FALSE	strand r only	< 3 confident cells	< 3 confident cells	FALSE	1	0.138248847926267	0.138248847926267	315	0.000713266761768902	1	0.138248847926267	0.138248847926267	0.138248847926267	0.0154036915293122	-0.043
725C>A	725	C>A	TRUE	FALSE	FALSE	FALSE	FALSE	FALSE	FALSE	strand r only	< 3 confident cells	< 3 confident cells	FALSE	2	0.0871212121212121	0.0909090909090909	441	0.000693962526023595	0				0.0109775478077825	-0.029
726C>A	726	C>A	TRUE	FALSE	FALSE	FALSE	FALSE	FALSE	FALSE	strand r only	< 3 confident cells	< 3 confident cells	FALSE	2	0.0555555555555556	0.0555555555555556	198	0.000452954114281345	2	0.0417150600077429	0.0278745644599303	0.0555555555555556	0.0106589492190787	-0.119
73A>G	73	A>G	TRUE	TRUE	FALSE	TRUE	FALSE	TRUE	TRUE	VMR and strand r	Retained	Retained	FALSE	28	1	1	28	1	28	1	1	1	0.000107326434403107	0.546
740G>T	740	G>T	TRUE	FALSE	FALSE	FALSE	FALSE	FALSE	FALSE	VMR and strand r	< 3 confident cells	< 3 confident cells	FALSE	0			114	0.000354206386680209	0				0.0092187282430671	-0.298
7428G>A	7428	G>A	TRUE	TRUE	FALSE	TRUE	FALSE	TRUE	TRUE	strand r only	Retained	Retained	FALSE	1761	1	1	1757	1	1756	1	0.1	1	0.0888728717126732	0.635
742T>C	742	T>C	TRUE	TRUE	TRUE	FALSE	TRUE	TRUE	FALSE	Retained	Retained	< 10 cells at AF >= 0.05	FALSE	3	0.459558823529412	0.999141385231826	39	0.000361271676300578	4	0.260688502673797	0.0498721227621483	0.999141385231826	0.292390356473885	0.822
745A>C	745	A>C	TRUE	FALSE	FALSE	FALSE	FALSE	FALSE	FALSE	VMR and strand r	< 3 confident cells	< 3 confident cells	FALSE	2	0.0513157894736842	0.0526315789473684	151	0.000337685727149932	0				0.00922322752474881	-0.309
746A>C	746	A>C	TRUE	TRUE	FALSE	FALSE	FALSE	TRUE	FALSE	strand r only	Retained	< 10 cells at AF >= 0.05	FALSE	0			450	0.000652142725303776	1	0.00779844031193761	0.00779844031193761	0.00779844031193761	0.0102080310700839	0.083
746A>T	746	A>T	TRUE	FALSE	FALSE	FALSE	FALSE	FALSE	FALSE	VMR and strand r	< 3 confident cells	< 3 confident cells	FALSE	0			65	0.000265076209410205	1	0.00868055555555556	0.00868055555555556	0.00868055555555556	0.00422986385338901	-0.275
747A>C	747	A>C	TRUE	FALSE	FALSE	FALSE	FALSE	FALSE	FALSE	VMR and strand r	< 3 confident cells	< 3 confident cells	FALSE	1	0.0909090909090909	0.0909090909090909	213	0.000428678598220984	1	0.00898876404494382	0.00898876404494382	0.00898876404494382	0.00551089443542534	-0.236
747A>G	747	A>G	TRUE	TRUE	FALSE	TRUE	FALSE	TRUE	TRUE	strand r only	Retained	Retained	FALSE	50	0.0784056099093883	0.526315789473684	1928	0.00296406117013975	402	0.00797511564721965	0.00138714578241628	0.526315789473684	0.0584574806803195	0.261
748G>T	748	G>T	TRUE	FALSE	FALSE	FALSE	FALSE	FALSE	FALSE	VMR and strand r	< 3 confident cells	< 3 confident cells	FALSE	2	0.0620300751879699	0.0714285714285714	415	0.000705052878965923	6	0.0101750101750102	0.00137268359643102	0.0183767228177642	0.00967883731490098	-0.035
749G>T	749	G>T	TRUE	TRUE	FALSE	FALSE	FALSE	TRUE	FALSE	VMR and strand r	Retained	< 10 cells at AF >= 0.05	FALSE	0			463	0.000676437429537768	0				0.00643711647561933	0.156
750A>G	750	A>G	TRUE	TRUE	FALSE	TRUE	FALSE	TRUE	TRUE	VMR only	Retained	Retained	FALSE	7006	1	1	7006	1	7006	1	0.473684210526316	1	0.00015667057543358	0.999
750A>T	750	A>T	TRUE	FALSE	FALSE	FALSE	FALSE	FALSE	FALSE	VMR and strand r	< 3 confident cells	< 3 confident cells	FALSE	0			270	0.000498817058983578	0				0.00826170916268724	-0.126
753A>G	753	A>G	TRUE	FALSE	FALSE	FALSE	FALSE	FALSE	FALSE	VMR and strand r	< 3 confident cells	< 3 confident cells	FALSE	0			282	0.000573382085285085	9	0.00399508297480025	0.00160820182932958	0.0138728323699422	0.00644718489741212	0.207
755G>A	755	G>A	TRUE	FALSE	FALSE	FALSE	FALSE	FALSE	FALSE	strand r only	< 3 confident cells	< 3 confident cells	FALSE	4	0.0754545454545455	0.1	251	0.000664451827242525	9	0.0141643059490085	0.00358937544867193	0.06	0.0178222676720117	0.266
755G>T	755	G>T	TRUE	FALSE	FALSE	FALSE	FALSE	FALSE	FALSE	VMR and strand r	< 3 confident cells	< 3 confident cells	FALSE	1	0.0666666666666667	0.0666666666666667	341	0.000535905680600214	0				0.00718020738754128	-0.088
756C>A	756	C>A	TRUE	FALSE	FALSE	FALSE	FALSE	FALSE	FALSE	VMR and strand r	< 3 confident cells	< 3 confident cells	FALSE	0			173	0.000381145978909923	0				0.00601568792813325	-0.188
760A>G	760	A>G	TRUE	TRUE	FALSE	FALSE	FALSE	TRUE	FALSE	strand r only	Retained	< 10 cells at AF >= 0.05	FALSE	5	0.0638297872340426	1	324	0.00139228654836996	17	0.0125725338491296	0.00299028158484924	1	0.253192627144585	0.29
761A>G	761	A>G	TRUE	TRUE	FALSE	FALSE	FALSE	TRUE	FALSE	strand r only	Retained	< 10 cells at AF >= 0.05	FALSE	4	0.0745025792188651	0.122093023255814	104	0.000893627577014328	8	0.0138888888888889	0.0091743119266055	0.122093023255814	0.0219354896197398	0.013
762G>A	762	G>A	TRUE	TRUE	TRUE	TRUE	TRUE	TRUE	TRUE	Retained	Retained	Retained	FALSE	12	0.0916666666666667	1	158	0.00133200147970594	14	0.0220681926922012	0.00418021365536461	1	0.60875821088204	0.795
7637G>A	7637	G>A	TRUE	FALSE	TRUE	FALSE	TRUE	FALSE	FALSE	Retained	< 3 confident cells	< 3 confident cells	FALSE	3	0.13	0.190697674418605	5	0.0588235294117647	3	0.13	0.0588235294117647	0.190697674418605	0.0768796334608784	0.922
763C>T	763	C>T	TRUE	TRUE	FALSE	FALSE	FALSE	TRUE	FALSE	strand r only	Retained	< 10 cells at AF >= 0.05	FALSE	0			117	0.000991407799074686	8	0.0132076727228457	0.00277896536981616	0.0365853658536585	0.0176039779579318	0.116
7643C>T	7643	C>T	TRUE	FALSE	FALSE	FALSE	FALSE	FALSE	FALSE	strand r only	< 3 confident cells	< 3 confident cells	FALSE	3	0.0847457627118644	0.103448275862069	18	0.0231884057971015	5	0.0416666666666667	0.0241545893719807	0.0847457627118644	0.0334693879408883	0.542
7645T>C	7645	T>C	TRUE	FALSE	FALSE	FALSE	FALSE	FALSE	FALSE	strand r only	< 3 confident cells	< 3 confident cells	FALSE	1	0.0845070422535211	0.0845070422535211	38	0.0210526315789474	1	0.0845070422535211	0.0845070422535211	0.0845070422535211	0.022404559661322	0.526
7651C>T	7651	C>T	TRUE	TRUE	TRUE	FALSE	TRUE	TRUE	FALSE	Retained	Retained	< 10 cells at AF >= 0.05	FALSE	8	0.0741652983032293	0.180722891566265	24	0.0289473684210526	9	0.0689655172413793	0.0225352112676056	0.180722891566265	0.0719638533338095	0.838
7652T>C	7652	T>C	TRUE	FALSE	TRUE	FALSE	TRUE	FALSE	FALSE	Retained	< 3 confident cells	< 3 confident cells	FALSE	5	0.142857142857143	0.588235294117647	35	0.0206185567010309	8	0.0703785211267606	0.0153631284916201	0.588235294117647	0.192700708656918	0.841
7663C>T	7663	C>T	TRUE	FALSE	FALSE	FALSE	FALSE	FALSE	FALSE	strand r only	< 3 confident cells	< 3 confident cells	FALSE	4	0.0675799086757991	0.133333333333333	113	0.0170940170940171	2	0.0418607885404353	0.0152284263959391	0.0684931506849315	0.0222879063136265	0.322
7664G>A	7664	G>A	TRUE	FALSE	TRUE	FALSE	TRUE	FALSE	FALSE	Retained	< 3 confident cells	< 3 confident cells	FALSE	7	0.0833333333333333	0.46969696969697	80	0.0191391941391941	6	0.0955555555555556	0.0251798561151079	0.46969696969697	0.110883487137477	0.948
7667C>A	7667	C>A	TRUE	FALSE	FALSE	FALSE	FALSE	FALSE	FALSE	strand r only	< 3 confident cells	< 3 confident cells	FALSE	1	0.0625	0.0625	58	0.0141358641358641	1	0.0625	0.0625	0.0625	0.014257557845317	-0.35
7668T>C	7668	T>C	TRUE	FALSE	TRUE	FALSE	TRUE	FALSE	FALSE	Retained	< 3 confident cells	< 3 confident cells	FALSE	8	0.142567567567568	0.533333333333333	92	0.0157964748919189	7	0.135135135135135	0.0298507462686567	0.533333333333333	0.204670344026236	0.916
7669C>T	7669	C>T	TRUE	FALSE	TRUE	FALSE	TRUE	FALSE	FALSE	Retained	< 3 confident cells	< 3 confident cells	FALSE	2	0.151743310552531	0.179775280898876	14	0.0202350536535514	3	0.123711340206186	0.0303030303030303	0.179775280898876	0.0847949658298733	0.748
766G>A	766	G>A	TRUE	FALSE	FALSE	FALSE	FALSE	FALSE	FALSE	strand r only	< 3 confident cells	< 3 confident cells	FALSE	6	0.0708020050125313	0.128491620111732	256	0.00122640800060155	7	0.0388888888888889	0.00204045422285309	0.128491620111732	0.0241829418581147	-0.057
7671T>C	7671	T>C	TRUE	FALSE	FALSE	FALSE	FALSE	FALSE	FALSE	strand r only	< 3 confident cells	< 3 confident cells	FALSE	5	0.0625	0.08	43	0.0176991150442478	2	0.0447635135135135	0.027027027027027	0.0625	0.0334489007486781	0.299
7674T>C	7674	T>C	TRUE	FALSE	FALSE	FALSE	FALSE	FALSE	FALSE	strand r only	< 3 confident cells	< 3 confident cells	FALSE	3	0.1	0.108695652173913	63	0.0145985401459854	5	0.0448717948717949	0.0299003322259136	0.108695652173913	0.0294194993952655	0.446
7676A>T	7676	A>T	TRUE	FALSE	FALSE	FALSE	FALSE	FALSE	FALSE	strand r only	< 3 confident cells	< 3 confident cells	FALSE	3	0.0595238095238095	0.307692307692308	13	0.0181818181818182	4	0.0577619047619048	0.0266666666666667	0.307692307692308	0.119963735526212	0.388
7678T>C	7678	T>C	TRUE	FALSE	TRUE	FALSE	TRUE	FALSE	FALSE	Retained	< 3 confident cells	< 3 confident cells	FALSE	1	0.121621621621622	0.121621621621622	21	0.0140845070422535	3	0.0416666666666667	0.0335570469798658	0.121621621621622	0.0328322327439453	0.751
7684T>C	7684	T>C	TRUE	TRUE	TRUE	FALSE	TRUE	TRUE	FALSE	Retained	Retained	< 10 cells at AF >= 0.05	FALSE	7	0.144927536231884	1	35	0.0188679245283019	6	0.572463768115942	0.0420168067226891	1	0.776637749067646	0.996
7685A>G	7685	A>G	TRUE	FALSE	TRUE	FALSE	TRUE	FALSE	FALSE	Retained	< 3 confident cells	< 3 confident cells	FALSE	4	0.0802823642019622	0.1	36	0.0152680652680653	3	0.0653266331658292	0.0309278350515464	0.0952380952380952	0.0280182481084985	0.672
7686T>C	7686	T>C	TRUE	FALSE	TRUE	FALSE	TRUE	FALSE	FALSE	Retained	< 3 confident cells	< 3 confident cells	FALSE	5	0.0721649484536082	0.0855263157894737	26	0.0158632470044462	5	0.0721649484536082	0.0575539568345324	0.0855263157894737	0.035737033405751	0.763
7688T>C	7688	T>C	TRUE	FALSE	TRUE	FALSE	TRUE	FALSE	FALSE	Retained	< 3 confident cells	< 3 confident cells	FALSE	4	0.0754643962848297	0.255474452554745	52	0.0145548851487245	4	0.0729343520090549	0.0416666666666667	0.255474452554745	0.0587411066940219	0.881
7689G>A	7689	G>A	TRUE	FALSE	FALSE	FALSE	FALSE	FALSE	FALSE	strand r only	< 3 confident cells	< 3 confident cells	FALSE	4	0.0654885654885655	0.0862068965517242	160	0.0148700939745716	4	0.0530814215024741	0.0257731958762887	0.0862068965517242	0.0198280456608023	0.262
768A>G	768	A>G	TRUE	FALSE	FALSE	FALSE	FALSE	FALSE	FALSE	strand r only	< 3 confident cells	< 3 confident cells	FALSE	3	0.0588235294117647	0.0714285714285714	198	0.00105736254706144	6	0.0191810555986826	0.00462962962962963	0.0331858407079646	0.0124990144766321	-0.016
7690C>T	7690	C>T	TRUE	FALSE	TRUE	FALSE	TRUE	FALSE	FALSE	Retained	< 3 confident cells	< 3 confident cells	FALSE	2	0.0848560700876095	0.105882352941176	26	0.0149662143295918	4	0.0207028615473552	0.0106820049301561	0.105882352941176	0.0295594131131521	0.807
7691T>C	7691	T>C	TRUE	FALSE	TRUE	FALSE	TRUE	FALSE	FALSE	Retained	< 3 confident cells	< 3 confident cells	FALSE	4	0.0596273742206757	0.0645161290322581	55	0.0161290322580645	5	0.0578512396694215	0.0267379679144385	0.0645161290322581	0.0250346143772718	0.754
7692T>C	7692	T>C	TRUE	FALSE	TRUE	FALSE	TRUE	FALSE	FALSE	Retained	< 3 confident cells	< 3 confident cells	FALSE	6	0.0621778350515464	0.0970149253731343	53	0.0126582278481013	8	0.0610483169792572	0.046242774566474	0.0970149253731343	0.032472755172119	0.697
769G>A	769	G>A	TRUE	FALSE	FALSE	FALSE	FALSE	FALSE	FALSE	strand r only	< 3 confident cells	< 3 confident cells	FALSE	3	0.0555555555555556	0.0555555555555556	156	0.000801176785236694	8	0.0157113825201058	0.00462218649517685	0.0503246753246753	0.0119271173690211	-0.071
770C>T	770	C>T	TRUE	TRUE	FALSE	FALSE	FALSE	TRUE	FALSE	strand r only	Retained	< 10 cells at AF >= 0.05	FALSE	4	0.0828454332552693	0.0967741935483871	306	0.00124088965263174	17	0.012514220705347	0.00311122634171636	0.0942622950819672	0.0139860705699973	0.12
774G>A	774	G>A	TRUE	FALSE	FALSE	FALSE	FALSE	FALSE	FALSE	strand r only	< 3 confident cells	< 3 confident cells	FALSE	3	0.0909090909090909	0.176470588235294	144	0.000796119838286475	5	0.0155038759689922	0.00487540628385699	0.0823529411764706	0.0317840392031403	-0.187
775C>G	775	C>G	TRUE	TRUE	FALSE	FALSE	FALSE	TRUE	FALSE	VMR and strand r	Retained	< 10 cells at AF >= 0.05	FALSE	0			18	0.0061600339140271	12	0.00971307796360059	0.00343265137992585	0.0492004920049201	0.00706485749399765	0.325
775C>T	775	C>T	TRUE	TRUE	FALSE	FALSE	FALSE	TRUE	FALSE	strand r only	Retained	< 10 cells at AF >= 0.05	FALSE	9	0.0714285714285714	0.133333333333333	496	0.00177698835602921	24	0.0144448748852158	0.00187007874015748	0.0833333333333333	0.0187477495595452	0.113
776A>G	776	A>G	TRUE	TRUE	FALSE	FALSE	FALSE	TRUE	FALSE	strand r only	Retained	< 10 cells at AF >= 0.05	FALSE	6	0.0598214285714286	0.133333333333333	276	0.00113606151574676	19	0.012205754141238	0.00404912943717101	0.133333333333333	0.0165587141828612	0.112
777G>A	777	G>A	TRUE	TRUE	TRUE	FALSE	TRUE	TRUE	FALSE	Retained	Retained	< 10 cells at AF >= 0.05	FALSE	8	0.841657397107898	0.996309963099631	357	0.00134048257372654	17	0.0290135396518375	0.00312825860271116	0.996309963099631	0.557078372476674	0.936
779T>C	779	T>C	TRUE	TRUE	TRUE	FALSE	TRUE	TRUE	FALSE	Retained	Retained	< 10 cells at AF >= 0.05	FALSE	4	0.0720817643894567	0.601307189542484	165	0.000881316098707403	4	0.0328707152928717	0.00199680511182109	0.601307189542484	0.175478559321224	0.75
785C>T	785	C>T	TRUE	TRUE	FALSE	FALSE	FALSE	TRUE	FALSE	VMR and strand r	Retained	< 10 cells at AF >= 0.05	FALSE	1	0.0521978021978022	0.0521978021978022	70	0.00109578909621813	6	0.00745322372696309	0.00345622119815668	0.0521978021978022	0.00934690357523052	0.224
786G>A	786	G>A	TRUE	TRUE	FALSE	FALSE	FALSE	TRUE	FALSE	strand r only	Retained	< 10 cells at AF >= 0.05	FALSE	7	0.0769230769230769	0.985074626865672	326	0.0012421186344795	14	0.0242925967910708	0.00237053245805981	0.985074626865672	0.0230311571111265	0.121
792C>T	792	C>T	TRUE	FALSE	FALSE	FALSE	FALSE	FALSE	FALSE	strand r only	< 3 confident cells	< 3 confident cells	FALSE	4	0.147489765136824	0.333333333333333	193	0.0010351966873706	11	0.0219263899765074	0.00439306358381503	0.333333333333333	0.07738729318969	-0.078
797C>T	797	C>T	TRUE	TRUE	FALSE	FALSE	FALSE	TRUE	FALSE	strand r only	Retained	< 10 cells at AF >= 0.05	FALSE	9	0.0689655172413793	0.0909090909090909	296	0.00112979456854946	14	0.011305680732807	0.00282645562464669	0.0731707317073171	0.0183389669100085	0.144
801A>G	801	A>G	TRUE	FALSE	FALSE	FALSE	FALSE	FALSE	FALSE	strand r only	< 3 confident cells	< 3 confident cells	FALSE	2	0.109103010444399	0.157894736842105	202	0.000922723257521738	7	0.0199637023593466	0.00317158261972724	0.157894736842105	0.0191214486212037	0.138
807A>C	807	A>C	TRUE	TRUE	FALSE	FALSE	FALSE	TRUE	FALSE	VMR and strand r	Retained	< 10 cells at AF >= 0.05	FALSE	1	0.0833333333333333	0.0833333333333333	247	0.00110823790173624	4	0.00643153274732222	0.00287828947368421	0.0206378986866792	0.00934523953425283	0.142
808C>T	808	C>T	TRUE	FALSE	FALSE	FALSE	FALSE	FALSE	FALSE	strand r only	< 3 confident cells	< 3 confident cells	FALSE	4	0.0717948717948718	0.0851063829787234	343	0.00127986348122867	18	0.00799805296542493	0.00163979229297622	0.0851063829787234	0.0131857851708679	0.027
809G>T	809	G>T	TRUE	FALSE	FALSE	FALSE	FALSE	FALSE	FALSE	strand r only	< 3 confident cells	< 3 confident cells	FALSE	3	0.0555555555555556	0.0588235294117647	315	0.000965561635017702	7	0.00903377847604085	0.00228530190040895	0.0308988764044944	0.0108629186937504	0.029
811G>A	811	G>A	TRUE	TRUE	FALSE	TRUE	FALSE	TRUE	TRUE	strand r only	Retained	Retained	FALSE	31	0.088695652173913	1	205	0.00770416024653313	95	0.0199445983379501	0.00119969040247678	1	0.603513977214496	0.073
812A>G	812	A>G	TRUE	TRUE	FALSE	FALSE	FALSE	TRUE	FALSE	strand r only	Retained	< 10 cells at AF >= 0.05	FALSE	2	0.0585739299610895	0.066147859922179	149	0.000921942224953903	11	0.029126213592233	0.00197788822395781	0.066147859922179	0.0119773993744865	0.098
813A>C	813	A>C	TRUE	FALSE	FALSE	FALSE	FALSE	FALSE	FALSE	strand r only	< 3 confident cells	< 3 confident cells	FALSE	3	0.0833333333333333	0.0909090909090909	131	0.000664672648720505	0				0.0259400686232381	-0.403
816A>G	816	A>G	TRUE	FALSE	FALSE	FALSE	FALSE	FALSE	FALSE	VMR and strand r	< 3 confident cells	< 3 confident cells	FALSE	1	0.0707635009310987	0.0707635009310987	151	0.000746045956430916	3	0.0138728323699422	0.0128755364806867	0.0707635009310987	0.00873589766660183	0.053
817G>A	817	G>A	TRUE	TRUE	FALSE	FALSE	FALSE	TRUE	FALSE	strand r only	Retained	< 10 cells at AF >= 0.05	FALSE	5	0.0980392156862745	0.247863247863248	357	0.00123076923076923	14	0.0194637223974763	0.00292146416910122	0.247863247863248	0.0328365713343718	0.086
818C>T	818	C>T	TRUE	TRUE	FALSE	FALSE	FALSE	TRUE	FALSE	VMR and strand r	Retained	< 10 cells at AF >= 0.05	FALSE	3	0.0843373493975904	0.0851063829787234	464	0.00140894838554069	21	0.006519967400163	0.00165111863287377	0.0851063829787234	0.00927571617051166	0.113
819A>G	819	A>G	TRUE	FALSE	FALSE	FALSE	FALSE	FALSE	FALSE	strand r only	< 3 confident cells	< 3 confident cells	FALSE	2	0.255559310577898	0.418181818181818	203	0.000882223202470225	10	0.025228233890469	0.00486854917234664	0.418181818181818	0.0963878864064052	-0.091
823A>G	823	A>G	TRUE	FALSE	FALSE	FALSE	FALSE	FALSE	FALSE	VMR and strand r	< 3 confident cells	< 3 confident cells	FALSE	1	0.0598006644518272	0.0598006644518272	103	0.000711743772241993	4	0.00550109584799205	0.00148238245467331	0.0598006644518272	0.0080110346738242	-0.047
824T>C	824	T>C	TRUE	TRUE	TRUE	FALSE	TRUE	TRUE	FALSE	Retained	Retained	< 10 cells at AF >= 0.05	FALSE	3	0.475438596491228	1	52	0.000847638162865078	8	0.032115149276132	0.00435540069686411	1	0.969211662798172	0.68
827A>G	827	A>G	TRUE	FALSE	FALSE	FALSE	FALSE	FALSE	FALSE	strand r only	< 3 confident cells	< 3 confident cells	FALSE	3	0.982456140350877	1	159	0.000732064421669107	7	0.0232558139534884	0.00568916472717869	1	0.796624511249867	0.017
828C>A	828	C>A	TRUE	FALSE	FALSE	FALSE	FALSE	FALSE	FALSE	strand r only	< 3 confident cells	< 3 confident cells	FALSE	4	0.0679824561403509	0.1	227	0.000826104915324246	1	0.0105042016806723	0.0105042016806723	0.0105042016806723	0.0168908024190374	-0.201
828C>T	828	C>T	TRUE	FALSE	FALSE	FALSE	FALSE	FALSE	FALSE	strand r only	< 3 confident cells	< 3 confident cells	FALSE	2	0.068609022556391	0.0714285714285714	37	0.00273224043715847	13	0.0437100213219616	0.00227299916257926	0.0714285714285714	0.0291423624318855	-0.047
829C>A	829	C>A	TRUE	FALSE	FALSE	FALSE	FALSE	FALSE	FALSE	strand r only	< 3 confident cells	< 3 confident cells	FALSE	1	0.0714285714285714	0.0714285714285714	172	0.000764792635532348	0				0.0114734427848261	-0.229
830T>A	830	T>A	TRUE	TRUE	FALSE	FALSE	FALSE	TRUE	FALSE	strand r only	Retained	< 10 cells at AF >= 0.05	FALSE	2	0.0896410256410256	0.128	271	0.00103885310617079	4	0.0198936441270024	0.00163708426675857	0.128	0.0202257553913114	-0.041
830T>C	830	T>C	TRUE	FALSE	FALSE	FALSE	FALSE	FALSE	FALSE	strand r only	< 3 confident cells	< 3 confident cells	FALSE	8	0.110443397758649	0.233333333333333	138	0.00115976122839865	26	0.00994557684595068	0.00110839321204709	0.233333333333333	0.0745458298003652	-0.049
831T>A	831	T>A	TRUE	FALSE	FALSE	FALSE	FALSE	FALSE	FALSE	VMR and strand r	< 3 confident cells	< 3 confident cells	FALSE	0			114	0.000521538237252436	0				0.00699553919627632	-0.438
834G>T	834	G>T	TRUE	TRUE	FALSE	FALSE	FALSE	TRUE	FALSE	VMR and strand r	Retained	< 10 cells at AF >= 0.05	FALSE	2	0.0527777777777778	0.0555555555555556	460	0.0011109645693842	2	0.00498485795814489	0.00104114448771835	0.00892857142857143	0.00812299062206824	0.082
835C>T	835	C>T	TRUE	FALSE	FALSE	FALSE	FALSE	FALSE	FALSE	strand r only	< 3 confident cells	< 3 confident cells	FALSE	3	0.105263157894737	0.189655172413793	172	0.000853060392818938	5	0.0292682926829268	0.00679245283018868	0.189655172413793	0.015870437639366	-0.01
836A>G	836	A>G	TRUE	FALSE	FALSE	FALSE	FALSE	FALSE	FALSE	strand r only	< 3 confident cells	< 3 confident cells	FALSE	2	0.085304553518628	0.117977528089888	135	0.000691722388747983	6	0.00771102163652108	0.0018357044515833	0.117977528089888	0.0179177878848878	-0.087
8388T>C	8388	T>C	TRUE	TRUE	TRUE	TRUE	TRUE	TRUE	TRUE	Retained	Retained	Retained	FALSE	15	1	1	17	1	13	1	0.452380952380952	1	1.50226250821206	0.727
8392G>C	8392	G>C	TRUE	FALSE	FALSE	TRUE	FALSE	FALSE	FALSE	strand r only	< 3 confident cells	< 3 confident cells	FALSE	12	0.0927518427518427	0.4	21	0.0526315789473684	9	0.0945945945945946	0.0526315789473684	0.4	0.136509142353721	0.508
8405A>C	8405	A>C	TRUE	TRUE	TRUE	TRUE	TRUE	TRUE	TRUE	Retained	Retained	Retained	FALSE	19	0.0769230769230769	1	40	0.0162698412698413	3	0.976744186046512	0.627118644067797	1	0.233171891916393	0.892
8426T>G	8426	T>G	TRUE	TRUE	FALSE	TRUE	FALSE	TRUE	TRUE	strand r only	Retained	Retained	FALSE	559	0.0625	0.25	1946	0.0327868852459016	242	0.0452261306532663	0.0129032258064516	0.25	0.0476191541360438	0.009
842C>A	842	C>A	TRUE	FALSE	FALSE	FALSE	FALSE	FALSE	FALSE	strand r only	< 3 confident cells	< 3 confident cells	FALSE	7	0.0588235294117647	0.111111111111111	242	0.000929573571083005	3	0.0111607142857143	0.00172191132156694	0.0308641975308642	0.0187105569403779	-0.155
843G>A	843	G>A	TRUE	TRUE	FALSE	FALSE	FALSE	TRUE	FALSE	strand r only	Retained	< 10 cells at AF >= 0.05	FALSE	8	0.14610159898118	0.292682926829268	84	0.00412959620292272	32	0.0250557122978577	0.00226808800181447	0.292682926829268	0.14116703158513	0.05
843G>T	843	G>T	TRUE	FALSE	FALSE	FALSE	FALSE	FALSE	FALSE	strand r only	< 3 confident cells	< 3 confident cells	FALSE	1	0.0833333333333333	0.0833333333333333	167	0.000812347684809098	0				0.0112507250372729	-0.25
8451T>A	8451	T>A	TRUE	FALSE	FALSE	FALSE	FALSE	FALSE	FALSE	strand r only	< 3 confident cells	< 3 confident cells	FALSE	4	0.0611111111111111	0.0782608695652174	20	0.0231841329402305	3	0.0423728813559322	0.0188235294117647	0.0782608695652174	0.0209215581665657	0.477
8459A>C	8459	A>C	TRUE	FALSE	FALSE	TRUE	FALSE	FALSE	FALSE	strand r only	< 3 confident cells	< 3 confident cells	FALSE	106	0.0625	0.2	1027	0.0232558139534884	95	0.0318471337579618	0.0130111524163569	0.113636363636364	0.0209250761820817	-0.071
8459A>G	8459	A>G	TRUE	TRUE	TRUE	TRUE	TRUE	TRUE	TRUE	Retained	Retained	Retained	FALSE	3647	1	1	3694	1	3642	1	0.027027027027027	1	0.59870896677804	0.955
8463A>C	8463	A>C	TRUE	TRUE	FALSE	TRUE	FALSE	TRUE	TRUE	strand r only	Retained	Retained	FALSE	3253	0.0731707317073171	0.294117647058824	4836	0.058017765310893	2432	0.0689655172413793	0.0178041543026706	0.294117647058824	0.0346376208293793	0.049
8469T>G	8469	T>G	TRUE	TRUE	FALSE	TRUE	FALSE	TRUE	TRUE	strand r only	Retained	Retained	FALSE	3363	0.0714285714285714	0.416666666666667	4937	0.0588235294117647	2545	0.0681818181818182	0.020979020979021	0.416666666666667	0.0398587460683335	0.093
846A>G	846	A>G	TRUE	FALSE	FALSE	FALSE	FALSE	FALSE	FALSE	strand r only	< 3 confident cells	< 3 confident cells	FALSE	4	0.0571895424836601	0.0842105263157895	133	0.000648929266709929	5	0.0232704402515723	0.00616990982439487	0.0842105263157895	0.0152253860268312	0.003
8563A>C	8563	A>C	TRUE	TRUE	FALSE	TRUE	FALSE	TRUE	TRUE	strand r only	Retained	Retained	FALSE	59	1	1	58	1	57	1	0.12280701754386	1	2.37242805498135	0.179
8563A>G	8563	A>G	TRUE	TRUE	FALSE	TRUE	FALSE	TRUE	TRUE	strand r only	Retained	Retained	FALSE	3179	1	1	3163	1	3148	1	0.0531914893617021	1	0.431388527819295	0.396
873G>A	873	G>A	TRUE	TRUE	TRUE	FALSE	TRUE	TRUE	FALSE	Retained	Retained	< 10 cells at AF >= 0.05	FALSE	4	0.964506839452844	1	20	0.00684470045194181	12	0.0174616779625119	0.0046982291290206	1	1.01890626984332	0.898
878G>A	878	G>A	TRUE	FALSE	FALSE	FALSE	FALSE	FALSE	FALSE	strand r only	< 3 confident cells	< 3 confident cells	FALSE	2	0.0627450980392157	0.0666666666666667	193	0.0011648223645894	5	0.00994644223412395	0.00699912510936133	0.0166944908180301	0.0128795576429045	0.006
8794C>T	8794	C>T	TRUE	TRUE	FALSE	TRUE	FALSE	TRUE	TRUE	VMR and strand r	Retained	Retained	FALSE	1030	1	1	1030	1	1030	1	0.9	1	0.00115899112469309	0.12
8860A>G	8860	A>G	TRUE	TRUE	FALSE	TRUE	FALSE	TRUE	TRUE	VMR and strand r	Retained	Retained	FALSE	899	1	1	899	1	899	1	0.45945945945946	1	0.000969228770351689	0.081
887G>A	887	G>A	TRUE	TRUE	TRUE	FALSE	TRUE	TRUE	FALSE	Retained	Retained	< 10 cells at AF >= 0.05	FALSE	7	0.0666666666666667	1	108	0.00105625396060371	8	0.0260604155952993	0.00472610096670247	1	0.878949788081147	0.707
888T>G	888	T>G	TRUE	TRUE	FALSE	TRUE	FALSE	TRUE	TRUE	strand r only	Retained	Retained	FALSE	23	0.125435540069686	0.353982300884956	164	0.00189475769778883	47	0.0433275563258232	0.00274858528698464	0.353982300884956	0.109414635820703	-0.161
889G>A	889	G>A	TRUE	TRUE	TRUE	FALSE	TRUE	TRUE	FALSE	Retained	Retained	< 10 cells at AF >= 0.05	FALSE	7	0.0714285714285714	0.998756881548571	259	0.00143266475644699	7	0.0255474452554745	0.00303880317905563	0.998756881548571	0.0592141270331922	0.998
890C>T	890	C>T	TRUE	TRUE	FALSE	TRUE	FALSE	TRUE	TRUE	strand r only	Retained	Retained	FALSE	18	0.0833333333333333	0.107142857142857	678	0.00254129606099111	32	0.0097758388664598	0.00137475941710201	0.0873015873015873	0.0190010795755846	0.126
892A>G	892	A>G	TRUE	FALSE	FALSE	FALSE	FALSE	FALSE	FALSE	strand r only	< 3 confident cells	< 3 confident cells	FALSE	7	0.0560747663551402	0.114583333333333	179	0.00122399020807834	10	0.0384900284900285	0.00205602672834747	0.114583333333333	0.0472200712009456	0.022
893G>A	893	G>A	TRUE	FALSE	FALSE	FALSE	FALSE	FALSE	FALSE	strand r only	< 3 confident cells	< 3 confident cells	FALSE	6	0.0747282608695652	0.181818181818182	309	0.00153256704980843	11	0.0164835164835165	0.00272603362108133	0.0869565217391304	0.019100473309779	0.021
894C>T	894	C>T	TRUE	FALSE	FALSE	FALSE	FALSE	FALSE	FALSE	strand r only	< 3 confident cells	< 3 confident cells	FALSE	9	0.0769230769230769	0.17741935483871	448	0.00212545852080736	18	0.0095931257569486	0.00238216777267313	0.17741935483871	0.0255937511968264	0.081
903T>G	903	T>G	TRUE	TRUE	FALSE	TRUE	FALSE	TRUE	TRUE	strand r only	Retained	Retained	FALSE	16	0.0682420228777845	0.683333333333333	105	0.00483091787439614	39	0.0254658385093168	0.00179737583128632	0.683333333333333	0.12486890945623	0.131
908C>T	908	C>T	TRUE	FALSE	FALSE	FALSE	FALSE	FALSE	FALSE	strand r only	< 3 confident cells	< 3 confident cells	FALSE	8	0.0620810991957105	0.108433734939759	205	0.00172265288544358	10	0.0339998463862362	0.00836320191158901	0.108433734939759	0.0212643231532931	0.032
9209G>A	9209	G>A	TRUE	FALSE	FALSE	FALSE	FALSE	FALSE	FALSE	strand r only	< 3 confident cells	< 3 confident cells	FALSE	4	0.103507462686567	0.327272727272727	3	0.11	3	0.11	0.0970149253731343	0.327272727272727	0.62046649976703	0.527
9210A>C	9210	A>C	TRUE	FALSE	FALSE	FALSE	FALSE	FALSE	FALSE	strand r only	< 3 confident cells	< 3 confident cells	FALSE	6	0.153409090909091	0.397260273972603	6	0.153409090909091	4	0.2375	0.0967741935483871	0.397260273972603	0.481065008853333	0.172
921T>C	921	T>C	TRUE	FALSE	FALSE	TRUE	FALSE	FALSE	FALSE	strand r only	< 3 confident cells	< 3 confident cells	FALSE	61	0.0777777777777778	0.818181818181818	220	0.016130081300813	50	0.0763856901581453	0.00725952813067151	0.818181818181818	0.519446215949286	0.071
9228T>C	9228	T>C	TRUE	TRUE	FALSE	TRUE	FALSE	TRUE	TRUE	strand r only	Retained	Retained	FALSE	65	0.15	0.78125	64	0.151923076923077	44	0.205263157894737	0.0571428571428571	0.78125	0.253888883212809	0.111
9259T>C	9259	T>C	TRUE	FALSE	TRUE	FALSE	TRUE	FALSE	FALSE	Retained	< 3 confident cells	< 3 confident cells	FALSE	7	0.0769230769230769	0.172413793103448	15	0.037037037037037	4	0.10632183908046	0.0428571428571429	0.172413793103448	0.055645575565094	0.763
9264G>A	9264	G>A	TRUE	FALSE	TRUE	FALSE	TRUE	FALSE	FALSE	Retained	< 3 confident cells	< 3 confident cells	FALSE	9	0.142857142857143	0.803571428571429	10	0.130252100840336	7	0.178571428571429	0.0593220338983051	0.803571428571429	0.25624422625968	0.861
9267G>C	9267	G>C	TRUE	FALSE	TRUE	FALSE	TRUE	FALSE	FALSE	Retained	< 3 confident cells	< 3 confident cells	FALSE	7	0.0980392156862745	0.212765957446809	7	0.0980392156862745	4	0.160833762223366	0.0980392156862745	0.212765957446809	0.202839282099821	0.808
926A>G	926	A>G	TRUE	TRUE	FALSE	TRUE	FALSE	TRUE	TRUE	strand r only	Retained	Retained	FALSE	18	0.083467266688096	0.3625	122	0.00245003889331707	19	0.0571428571428571	0.00673878347224685	0.3625	0.0848329213622003	-0.027
9275A>G	9275	A>G	TRUE	FALSE	FALSE	TRUE	FALSE	FALSE	FALSE	strand r only	< 3 confident cells	< 3 confident cells	FALSE	15	0.0740740740740741	0.171875	29	0.0377358490566038	3	0.157894736842105	0.1	0.171875	0.0570654754590748	0.57
927G>T	927	G>T	TRUE	FALSE	FALSE	FALSE	FALSE	FALSE	FALSE	strand r only	< 3 confident cells	< 3 confident cells	FALSE	3	0.0543478260869565	0.0555555555555556	104	0.00145401845033663	3	0.0336473755047106	0.0121457489878543	0.0543478260869565	0.0142489121439902	-0.233
9284A>G	9284	A>G	TRUE	FALSE	FALSE	FALSE	FALSE	FALSE	FALSE	strand r only	< 3 confident cells	< 3 confident cells	FALSE	3	0.14	0.166666666666667	10	0.0288812428318215	2	0.153333333333333	0.14	0.166666666666667	0.0616465055262323	0.629
9294G>A	9294	G>A	TRUE	FALSE	FALSE	FALSE	FALSE	FALSE	FALSE	strand r only	< 3 confident cells	< 3 confident cells	FALSE	6	0.119795758051846	1	11	0.0450450450450451	5	0.134328358208955	0.0450450450450451	1	0.847632394509887	0.458
929A>C	929	A>C	TRUE	FALSE	FALSE	FALSE	FALSE	FALSE	FALSE	strand r only	< 3 confident cells	< 3 confident cells	FALSE	6	0.0678733031674208	0.158730158730159	314	0.00291722899059693	12	0.00393370539805564	0.00184347243170773	0.158730158730159	0.015696365458425	-0.029
929A>G	929	A>G	TRUE	TRUE	FALSE	TRUE	FALSE	TRUE	TRUE	strand r only	Retained	Retained	FALSE	82	0.089572192513369	0.833333333333333	289	0.014792899408284	178	0.0308641975308642	0.00244913338357197	0.833333333333333	0.295603620259722	-0.001
929A>T	929	A>T	TRUE	TRUE	FALSE	TRUE	FALSE	TRUE	TRUE	strand r only	Retained	Retained	FALSE	22	0.0915865384615385	0.846153846153846	65	0.00710900473933649	26	0.0576498106093666	0.0036042530185619	0.846153846153846	0.331907261761374	0.067
9300G>A	9300	G>A	TRUE	FALSE	FALSE	TRUE	FALSE	FALSE	FALSE	strand r only	< 3 confident cells	< 3 confident cells	FALSE	18	0.0944444444444444	0.357142857142857	36	0.0487804878048781	5	0.121212121212121	0.0673076923076923	0.357142857142857	0.151985368833277	0.586
9303A>G	9303	A>G	TRUE	FALSE	TRUE	FALSE	TRUE	FALSE	FALSE	Retained	< 3 confident cells	< 3 confident cells	FALSE	7	0.15	0.5625	14	0.0488095238095238	4	0.325882352941176	0.15	0.5625	0.347984720727494	0.923
9307G>A	9307	G>A	TRUE	FALSE	TRUE	FALSE	TRUE	FALSE	FALSE	Retained	< 3 confident cells	< 3 confident cells	FALSE	7	0.08	0.611428571428571	11	0.0606060606060606	4	0.0699283620970368	0.0606060606060606	0.611428571428571	0.153759569962476	0.996
9308A>G	9308	A>G	TRUE	FALSE	TRUE	TRUE	TRUE	FALSE	FALSE	Retained	< 3 confident cells	< 3 confident cells	FALSE	12	0.0728900255754476	0.414634146341463	33	0.0327868852459016	3	0.106382978723404	0.0560747663551402	0.414634146341463	0.0846875343281219	0.831
9311T>C	9311	T>C	TRUE	FALSE	TRUE	FALSE	TRUE	FALSE	FALSE	Retained	< 3 confident cells	< 3 confident cells	FALSE	5	0.105263157894737	0.733333333333333	15	0.0307692307692308	2	0.462254901960784	0.191176470588235	0.733333333333333	0.442091967612286	0.835
931C>T	931	C>T	TRUE	FALSE	FALSE	TRUE	FALSE	FALSE	FALSE	strand r only	< 3 confident cells	< 3 confident cells	FALSE	20	0.0857317819963258	0.8	156	0.00283174277434637	21	0.0521739130434783	0.0111821086261981	0.8	0.679374701615791	-0.037
9321T>C	9321	T>C	TRUE	FALSE	FALSE	TRUE	FALSE	FALSE	FALSE	strand r only	< 3 confident cells	< 3 confident cells	FALSE	39	0.0833333333333333	1	19	0.263157894736842	13	0.5	0.0784313725490196	1	0.378002996977132	0.394
933G>A	933	G>A	TRUE	FALSE	FALSE	TRUE	FALSE	FALSE	FALSE	strand r only	< 3 confident cells	< 3 confident cells	FALSE	12	0.0686868686868687	0.142857142857143	104	0.00189216282983065	7	0.0467836257309942	0.0203794799718904	0.0742101396032329	0.0333606574982232	-0.01
934G>A	934	G>A	TRUE	FALSE	TRUE	FALSE	TRUE	FALSE	FALSE	Retained	< 3 confident cells	< 3 confident cells	FALSE	2	0.561910377358491	0.998820754716981	38	0.00349999541885416	4	0.0310414746543779	0.00805729632945389	0.998820754716981	0.43246384188982	0.998
935C>G	935	C>G	TRUE	TRUE	FALSE	TRUE	FALSE	TRUE	TRUE	strand r only	Retained	Retained	FALSE	13	0.109090909090909	0.354430379746835	49	0.0228546787408366	34	0.0329255724048273	0.00537313432835821	0.354430379746835	0.0622105715618353	0.257
935C>T	935	C>T	TRUE	TRUE	FALSE	TRUE	FALSE	TRUE	TRUE	strand r only	Retained	Retained	FALSE	20	0.0717948717948718	0.292682926829268	315	0.00282485875706215	17	0.0406320541760722	0.00234391647134029	0.292682926829268	0.200577192013074	0.177
9494A>G	9494	A>G	TRUE	TRUE	FALSE	TRUE	FALSE	TRUE	TRUE	strand r only	Retained	Retained	FALSE	33	1	1	26	1	26	1	0.192307692307692	1	1.7139679379852	0.297
952A>G	952	A>G	TRUE	FALSE	FALSE	FALSE	FALSE	FALSE	FALSE	strand r only	< 3 confident cells	< 3 confident cells	FALSE	8	0.0741758241758242	0.1	109	0.00180396873120866	4	0.0239758653540807	0.00828402366863905	0.0586080586080586	0.0314259047081021	-0.141
952A>T	952	A>T	TRUE	FALSE	FALSE	TRUE	FALSE	FALSE	FALSE	strand r only	< 3 confident cells	< 3 confident cells	FALSE	16	0.0727513227513227	0.166666666666667	307	0.00358851674641148	30	0.00930792620833319	0.00168200257247452	0.166666666666667	0.138482477343569	-0.083
954C>T	954	C>T	TRUE	TRUE	FALSE	TRUE	FALSE	TRUE	TRUE	strand r only	Retained	Retained	FALSE	22	0.0970730397422127	0.878048780487805	102	0.0103513573192193	44	0.0323565323565324	0.00344611528822055	0.878048780487805	0.310078718015369	0.239
955A>G	955	A>G	TRUE	FALSE	FALSE	FALSE	FALSE	FALSE	FALSE	strand r only	< 3 confident cells	< 3 confident cells	FALSE	8	0.0767045454545455	0.137931034482759	70	0.00282290035580099	6	0.0403163950143816	0.00481927710843374	0.137931034482759	0.402228207756455	-0.346
957C>A	957	C>A	TRUE	FALSE	FALSE	FALSE	FALSE	FALSE	FALSE	strand r only	< 3 confident cells	< 3 confident cells	FALSE	4	0.0590277777777778	0.0714285714285714	40	0.00140577911437595	1	0.00194476857253987	0.00194476857253987	0.00194476857253987	0.0161244952160915	-0.202
9585C>A	9585	C>A	TRUE	TRUE	FALSE	TRUE	FALSE	TRUE	TRUE	strand r only	Retained	Retained	FALSE	73	0.586956521739131	1	57	0.736842105263158	51	0.763157894736842	0.238095238095238	1	0.235496911411602	0.508
9588G>T	9588	G>T	TRUE	TRUE	FALSE	TRUE	FALSE	TRUE	TRUE	strand r only	Retained	Retained	FALSE	75	0.545454545454545	1	58	0.718421052631579	51	0.763157894736842	0.25	1	0.240066141168954	0.497
961T>C	961	T>C	TRUE	TRUE	FALSE	TRUE	FALSE	TRUE	TRUE	strand r only	Retained	Retained	FALSE	141	0.102803738317757	0.714285714285714	318	0.0288605697151424	121	0.101010101010101	0.0120048019207683	0.714285714285714	1.27115727016074	0.134
966A>C	966	A>C	TRUE	FALSE	FALSE	TRUE	FALSE	FALSE	FALSE	strand r only	< 3 confident cells	< 3 confident cells	FALSE	37	0.0909090909090909	0.658536585365854	120	0.0163268026122884	32	0.0673441734417344	0.0137551581843191	0.658536585365854	0.287468495906705	0.091
974T>C	974	T>C	TRUE	TRUE	FALSE	TRUE	FALSE	TRUE	TRUE	strand r only	Retained	Retained	FALSE	16	1	1	40	0.00972068666706508	15	1	0.153846153846154	1	2.12277404363305	0.558
983C>A	983	C>A	TRUE	FALSE	FALSE	FALSE	FALSE	FALSE	FALSE	strand r only	< 3 confident cells	< 3 confident cells	FALSE	3	0.0833333333333333	0.0909090909090909	46	0.00171076575601365	0				0.0260762201063628	-0.22
993A>G	993	A>G	TRUE	TRUE	FALSE	FALSE	FALSE	TRUE	FALSE	strand r only	Retained	< 10 cells at AF >= 0.05	FALSE	3	0.0833333333333333	0.636363636363636	24	0.00605627261171409	3	0.0339622641509434	0.0145083288554541	0.636363636363636	0.1858289340115	0.248
